Run,Lumi_ub_inv
67597,0.3216
67598,0.5784
67599,1.8757
67600,1.536
67601,1.3258
67602,0.9596
67633,0.0955
67634,0.4128
67645,1.0479
67660,1.2438
67676,0.5201
67677,0.5612
67678,1.4172
67679,1.6283
67683,0.6706
67686,1.3967
67688,1.2554
67689,1.1542
67695,2.8386
67696,2.0454
67697,1.7157
67699,0.8121
67701,1.1894
67738,0.3699
67739,0.3541
67740,3.3343
67742,1.1392
67743,2.7674
67745,1.4673
67746,2.5601
67747,2.399
67748,2.2523
67749,2.1783
67750,0.3554
67759,0.3949
67770,2.9547
67772,1.0673
67777,2.4292
67778,0.4048
67779,0.676
67780,2.248
67781,2.1095
67782,0.3936
67784,1.0085
67785,3.2883
67786,0.5374
67788,0.5554
67794,0.5301
67929,0.0508
67930,0.6564
67932,2.8777
67933,0.8165
67934,2.5674
67935,0.2756
67936,0.9542
67938,0.6168
67939,1.3262
67941,0.3762
67942,0.731
67943,1.5839
67947,0.5053
67948,0.4115
67949,1.1914
67951,0.6184
67952,0.9131
67953,0.2729
67954,0.4582
67956,0.824
67959,0.8323
67960,0.429
67961,0.8389
67962,1.4202
67963,2.1995
67964,0.8537
68002,0.3398
68003,0.2181
68005,0.563
68006,0.7955
68011,0.8378
68018,0.727
68023,0.7179
68024,0.7107
68025,0.2332
68026,0.7452
68027,0.5863
68028,0.5669
68029,0.2907
68042,1.1218
68043,0.1828
68044,1.0233
68045,0.9836
68046,0.96
68047,0.077
68048,0.8974
68050,0.4963
68051,0.8549
68053,0.7496
68057,0.7697
68058,0.7601
68060,0.7478
68075,1.254
68076,1.1658
68077,1.0862
68078,1.0364
68079,0.8896
68082,1.3748
68084,0.2747
68085,1.2582
68086,1.1529
68087,1.1692
68089,1.1462
68090,0.6012
68099,3.2493
68100,1.8322
68102,2.7383
68103,1.294
68104,0.3981
68106,2.3702
68107,0.7021
68109,0.7328
68110,1.9288
68112,0.3223
68113,2.1339
68114,1.387
68117,1.293
68118,0.8544
68119,1.0991
68124,0.4759
68129,0.8199
68130,3.2177
68131,1.5326
68134,2.6719
68135,2.4901
68136,0.8729
68137,1.6857
68143,2.3951
68144,3.3021
68145,0.2008
68146,2.758
68148,1.2155
68149,1.9568
68152,3.2573
68154,0.3874
68155,0.8015
68156,1.6972
68157,2.8479
68159,0.4115
68160,0.0507
68177,2.5559
68178,0.2473
68179,0.9592
68180,1.2313
68207,2.6471
68208,0.6914
68209,2.9372
68210,2.286
68211,2.5281
68212,0.7595
68218,1.6517
68220,1.1534
68335,0.3661
68336,0.3415
68337,0.2547
68338,0.4709
68346,0.579
68347,1.6263
68348,1.8123
68376,1.5445
68382,1.6477
68386,0.77
68388,1.4369
68389,2.5504
68402,3.6061
68403,1.9069
68405,0.9134
68406,2.6475
68407,0.5035
68408,1.5875
68409,1.7696
68417,2.7297
68418,0.4071
68419,0.4014
68420,0.387
68436,1.3488
68439,0.6148
68470,1.4194
68487,3.3019
68488,2.3446
68489,0.367
68490,2.5999
68491,1.9006
68502,3.0987
68503,1.6229
68504,2.8359
68505,0.8473
68506,0.8263
68507,0.7222
68508,1.0883
68509,0.9124
68510,2.2763
68511,0.3621
68518,0.3617
68519,2.1567
68520,1.7248
68521,1.6792
68522,2.8386
68523,2.188
68529,0.4512
68531,3.2266
68532,3.1827
68533,1.0654
68534,1.8066
68535,0.938
68536,1.6371
68550,0.5951
68580,0.5425
68581,2.0148
68584,2.3246
68589,2.2682
68591,1.3746
68626,3.0481
68627,3.3491
68629,2.7036
68631,2.1529
68632,1.0542
68633,1.1027
68715,2.6272
68726,1.4641
68728,0.2734
68729,0.667
68730,2.3927
68731,0.2454
68732,1.4706
68742,2.4672
68743,2.0736
68744,1.0915
68745,1.4543
68746,0.7851
68748,0.7027
68749,1.9598
68750,1.7586
68883,1.9153
68884,2.331
68885,2.4645
68886,2.0938
68887,2.0414
68889,0.4758
68890,0.3124
68893,0.4256
68899,1.8674
68900,0.5701
68903,2.4647
68904,1.7619
68905,1.9401
68906,0.4368
68907,0.5032
68918,2.8433
68926,1.4675
68927,2.8572
68928,0.3839
68929,1.9131
68930,2.0626
68943,0.5301
68945,3.2748
68946,2.3283
68948,2.4729
68953,2.187
68954,2.0521
68956,0.241
68957,0.5173
68963,3.6144
68968,1.9886
68969,1.2897
68970,3.169
68973,2.7548
68974,2.4924
68975,2.4335
68976,1.2756
68979,1.5746
68983,1.8763
68987,2.4441
68991,2.1182
68992,0.7143
68993,1.0089
68996,0.8985
68999,3.2015
69000,2.4441
69001,1.3046
69002,2.3449
69003,2.2187
69004,1.37
69006,1.6101
69007,3.5153
69008,2.0718
69009,2.8303
69010,2.5658
69011,2.4042
69013,0.2335
69014,0.8426
69016,0.9655
69017,0.4452
69018,2.8023
69019,1.8477
69020,2.7755
69021,2.3739
69022,2.3351
69023,1.5557
69024,0.2797
69028,1.0254
69030,0.2709
69031,2.9575
69032,2.591
69033,0.8134
69034,1.1895
69035,1.8972
69036,1.0516
69038,0.7357
69039,2.5159
69041,1.3512
69043,1.7032
69046,1.6115
69047,0.5757
69048,1.4057
69049,2.8379
69050,2.5322
69051,2.4289
69052,1.9591
69071,0.3945
69072,0.8559
69073,3.146
69074,1.8267
69075,0.5592
69076,2.4279
69077,2.3513
69078,1.2264
69083,0.2343
69096,1.15
69097,2.6708
69098,1.6234
69099,0.8342
69100,2.3584
69101,1.5306
69102,0.722
69105,0.3481
69106,0.5033
69128,0.9624
69129,1.0397
69130,2.6441
69131,0.8774
69133,0.3081
69134,0.3158
69135,2.7914
69136,2.5955
69137,2.2247
69539,3.665
69540,0.3432
69541,1.4103
69542,0.3057
69545,1.4647
69546,0.272
69550,0.7467
69551,0.2991
69552,0.9285
69562,0.5364
69564,0.6814
69565,4.4273
69566,3.7371
69567,1.3844
69568,2.9424
69573,0.7105
69574,0.8375
69576,3.5242
69577,1.341
69578,2.1744
69579,1.6799
69580,1.3299
69581,0.1995
69582,0.2667
69583,0.6763
69584,0.8118
69588,0.7096
69604,4.0595
69605,3.561
69607,2.9307
69608,2.3959
69609,0.3365
69610,1.9095
69611,0.2858
69613,1.1143
69614,2.7352
69615,3.3346
69616,2.5048
69617,1.9263
69618,1.6704
69619,1.1262
69621,4.4571
69622,3.4648
69624,2.7502
69625,2.2657
69626,1.8094
69627,1.0851
69646,0.7804
69647,4.7696
69648,3.9199
69650,0.6176
69653,0.4736
69654,2.8243
69655,2.0559
69656,0.9055
69664,0.3877
69665,0.5106
69666,1.9806
69667,0.8512
69668,3.4223
69669,1.0124
69697,2.3977
69698,2.1871
69700,0.8746
69704,4.0297
69705,1.6498
69706,3.301
69707,2.8401
69708,2.3939
69709,1.9688
69710,0.2154
69712,0.9212
69714,3.2513
69715,1.574
69716,2.7137
69717,2.5067
69718,2.3805
69719,2.2232
69740,0.6237
69742,0.5268
69743,4.3131
69744,0.6666
69745,1.3542
69746,2.9293
69747,1.6049
69748,2.0424
69749,1.4996
69761,4.2451
69762,3.8017
69763,1.3037
69767,4.3102
69769,3.3287
69770,2.5945
69771,0.5081
69772,2.2505
69773,0.7202
69774,1.4713
69797,4.0948
69805,2.7007
69806,1.0437
69811,4.4695
69812,3.7923
69813,3.2449
69814,2.5403
69815,2.1569
69817,0.6779
69820,0.8672
69821,3.2417
69822,4.0857
69823,3.0781
69824,2.5853
69825,0.6595
71199,2.646
71200,1.978
71201,0.3766
71202,0.862
71203,0.2625
71204,0.2505
71208,1.1189
71209,4.2249
71210,1.2625
71211,3.5831
71212,0.7357
71213,1.3572
71219,1.9241
71220,4.1569
71221,3.498
71222,1.0244
71223,0.2225
71224,2.4988
71225,0.8856
71226,1.2238
71249,2.4579
71250,0.3874
71251,3.8977
71252,3.361
71253,2.8048
71254,2.3583
71255,0.2559
71256,1.4604
71260,3.8816
71263,3.6323
71269,0.6669
71270,0.6192
71276,4.3688
71277,3.923
71278,1.0976
71279,1.28
71328,0.4805
71329,4.4161
71330,0.3903
71331,2.0303
71332,3.131
71334,0.3352
71335,1.7368
71336,2.729
71337,0.4601
71338,3.9574
71339,0.4463
71345,4.4256
71346,3.9095
71347,1.7071
71348,0.5926
71349,0.9625
71350,2.7697
71351,2.5691
71352,0.6957
71360,2.161
71362,1.9826
71363,3.7679
71364,3.2473
71365,2.8001
71366,2.5679
71367,1.436
71368,2.2251
71369,2.0431
71370,0.9246
71371,1.7874
71378,4.543
71379,4.0603
71380,3.384
71389,0.7268
71390,1.6131
71391,3.9778
71392,3.6724
71393,3.1675
71394,2.7923
71395,2.5767
71403,4.5008
71404,2.2143
71405,3.5998
71406,3.0651
71407,2.6737
71409,2.2597
71415,2.2367
71416,4.1994
71417,3.3526
71418,0.7252
71419,3.0114
71420,2.7562
71437,1.3214
71439,3.8312
71440,3.324
71441,0.7462
71442,1.9973
71443,2.687
71444,0.724
71454,0.3307
71455,2.101
71456,3.8405
71457,3.2229
71459,2.7054
71460,2.4557
71461,1.4254
71467,4.1236
71468,1.9798
71469,2.0083
71471,2.8968
71472,1.4622
71482,1.3946
71484,3.9041
71494,4.0036
71495,1.4415
71496,4.0184
71497,0.7378
71498,0.6191
71504,4.3925
71505,0.571
71506,3.6802
71507,3.1356
71508,2.2165
71509,2.4119
71510,0.667
71511,0.4558
71520,4.316
71576,0.7645
71578,1.5249
71579,1.1069
71583,2.9314
71585,2.4615
71591,0.9184
71592,0.5161
71593,4.1983
71594,2.7365
71595,0.9238
71596,3.1681
71597,2.7868
71598,2.2462
71599,0.7932
71610,3.2111
71617,0.5727
71618,3.3963
71620,0.4442
71621,3.492
71622,3.9868
71623,1.0343
71624,3.1318
71625,2.6304
71626,2.0653
71627,1.2587
71634,0.8211
71635,0.8359
71636,2.7237
71638,3.6114
71639,3.1214
71640,1.5677
71641,2.2138
71642,1.7932
71649,4.3694
71650,3.6749
71651,0.8694
71652,1.6578
71653,2.6224
71654,2.269
71655,1.4645
71677,1.2835
71678,2.6056
71681,1.9194
71682,1.9099
71683,1.5794
71684,1.7448
71685,0.5185
71691,4.4454
71693,0.9534
71694,0.9799
71695,3.3422
71696,2.9399
71697,2.5737
71698,1.3145
71699,0.7664
71705,4.3678
71706,3.8256
71707,0.697
71709,2.252
71710,2.6531
71712,2.5802
71713,0.7595
71719,0.9244
71720,0.5557
71721,1.517
71722,3.3968
71723,2.8382
71726,2.066
71727,1.8476
71728,1.2138
71735,0.7788
71736,2.0299
71737,2.804
71738,3.5953
71739,1.336
71740,1.5542
71741,2.7696
71742,2.4565
71743,2.2239
71744,2.0385
71745,1.911
71746,1.3276
71751,0.5964
71754,0.4724
71758,0.572
71760,1.1986
71762,3.9631
71764,1.911
71770,0.5725
71771,4.3066
71775,0.5823
71776,3.4241
71777,2.7498
71778,2.2315
71796,4.2304
71797,3.8594
71798,3.3581
71801,2.5869
71811,0.4526
71812,3.974
71813,0.5536
71814,3.8788
71815,1.9845
71816,3.0785
71817,2.6477
71818,2.3717
71825,0.8195
71827,0.4755
71828,3.4115
71829,2.0723
71830,3.6023
71832,3.0276
71833,2.0573
71835,1.9835
71841,0.48
71842,0.5607
71844,4.2126
71846,1.0654
71850,0.3044
71851,1.5706
71852,3.4621
71853,1.6441
71859,0.4775
71860,0.3372
71861,0.223
71862,0.3251
71863,0.4093
71864,0.3882
71865,0.2987
71897,0.4079
71898,4.3415
71899,3.7668
71900,3.0884
71903,1.5054
71905,2.0578
71906,1.8467
71939,0.8741
71940,3.874
71941,3.3762
71942,2.859
71943,2.3297
71944,2.0952
71945,0.3291
71952,3.85
71953,3.1882
71954,2.8665
71955,2.5065
71957,1.6027
71958,1.005
71971,0.3742
71973,2.4383
71974,2.6516
71975,1.4167
71976,2.1362
71977,0.9108
71985,4.1357
71986,3.5806
71987,3.0366
71988,2.4812
71989,2.1835
71990,1.0514
71997,1.5589
71999,3.6681
72000,3.0344
72001,1.6422
72002,2.2344
72003,1.4152
72019,4.0754
72020,3.6544
72021,3.015
72022,0.9418
72036,4.0245
72037,3.5466
72038,3.0598
72039,0.5287
72041,2.3716
72042,2.0438
72043,0.5154
72050,0.7215
72051,3.7084
72052,1.9366
72053,2.8243
72056,0.5148
72058,2.1644
72059,0.6411
72060,2.1196
72082,0.423
72085,1.4062
72086,3.3746
72087,0.8417
72088,0.648
72089,2.2848
72090,2.09
72091,0.8315
72097,0.5827
72098,2.3552
72099,3.7938
72100,0.9639
72101,2.9957
72102,0.3016
72103,0.5998
72112,1.9979
72113,0.2466
72120,0.4582
72121,0.8369
72122,2.0174
72123,0.9501
72124,0.3445
72127,1.4915
72133,1.3755
72134,1.1817
72135,0.7864
72136,0.6203
72137,3.3627
72138,0.8478
72139,2.6169
72140,2.3078
72141,2.0106
72145,0.7099
72146,0.8205
72148,3.3523
72149,2.8459
72151,1.6459
72152,2.1765
72153,0.4533
72154,0.7704
72164,0.8036
72165,1.03
72166,3.5144
72167,2.6575
72168,0.5359
72169,0.8496
72170,2.5928
72171,1.1777
72172,1.8303
72179,3.255
72180,2.9335
72181,0.4505
72199,2.9513
72200,1.3987
72206,3.9392
72207,3.4433
72208,2.9172
72209,2.6125
72210,2.144
72212,1.074
72218,0.6552
72220,3.9895
72221,0.3293
72222,1.0443
72223,3.3624
72224,2.7295
72225,1.839
72227,2.2212
72228,0.3092
72235,0.5775
72236,3.6551
72238,2.7538
72239,2.2762
72240,2.0626
72241,1.2747
72272,1.5238
72273,1.6727
72274,2.6951
72277,0.5195
72278,3.0904
72279,3.5095
72280,1.449
72281,1.1919
72282,1.4669
72284,2.3844
72285,1.7006
72286,1.3442
72292,4.6566
72299,1.3613
72300,3.0137
72301,2.3468
72302,0.5801
72303,0.5231
72310,2.2364
72311,3.7587
72312,2.8162
72313,0.6947
72314,2.6764
72316,1.1814
72368,1.646
72369,3.2508
72370,1.395
72371,2.5467
72372,2.1587
72373,1.1281
72374,2.039
72375,0.2943
72383,3.9599
72384,3.2831
72386,0.849
72387,1.7685
72388,1.4353
72389,1.5676
72390,1.5343
72391,0.6269
72392,1.1933
72399,1.1237
72400,0.8058
72401,3.2271
72408,1.5552
72409,2.1336
72410,1.8466
72411,1.3898
72418,1.4282
72419,1.6791
72420,2.0873
72421,2.1098
72422,3.1626
72423,2.5808
72425,0.6211
72426,2.0723
72427,0.8938
72434,4.0054
72435,1.3435
72438,3.2096
72439,1.1604
72440,3.5142
72441,0.6321
72442,2.7824
72443,2.4269
72444,1.3115
72445,2.2103
72446,1.5405
72461,0.4749
72462,4.1087
72463,3.7076
72464,3.2008
72465,2.6384
72466,2.3611
72467,1.2352
72473,0.6977
72478,3.8604
72479,1.3752
72480,2.89
72487,0.4814
72488,0.5196
72490,0.8681
72491,1.0235
72492,3.8459
72493,3.1589
72494,2.8638
72495,0.3949
72496,2.4802
72497,1.5976
72504,2.713
72505,3.7321
72506,1.9789
72507,0.4079
72508,2.9936
72509,2.5511
72510,2.449
72512,0.6904
72522,0.8049
72524,3.4368
72525,3.0631
72526,2.6893
72528,2.3626
72529,1.1035
72532,0.576
72533,3.8659
72534,0.7961
72535,3.4476
72546,1.0077
72547,3.9512
72548,1.6102
72550,3.321
72551,2.8361
72552,2.632
72553,2.0606
72567,0.5992
72569,4.0583
72570,1.0265
72571,0.506
72573,0.6391
72574,3.2532
72575,2.8641
72576,0.8847
72577,0.7665
72578,0.2037
72580,0.3972
72581,0.7245
72582,0.5421
72588,4.2205
72589,3.4685
72590,3.0023
72591,2.7727
72592,2.4557
72593,1.6326
72601,4.0851
72602,1.885
72603,3.2409
72604,2.7976
72605,1.3475
72606,2.552
72607,1.4448
72621,1.0227
72622,3.8689
72623,3.2059
72624,2.4927
72625,0.4456
72626,0.3441
72627,0.8275
72628,1.2764
72629,2.4651
72630,0.6163
72637,0.5511
72638,1.4924
72639,3.712
72640,3.4116
72641,2.7324
72642,2.6361
72643,2.5935
72644,0.5263
72653,0.4934
72654,3.8733
72655,0.767
72664,1.3308
72665,2.7405
72669,2.2812
72677,4.0496
72678,3.5997
72691,0.1026
72692,3.1252
72696,2.2207
72697,0.4569
72698,0.6045
72699,0.7568
72703,2.3339
72709,0.597
72710,3.9936
72712,2.3917
72713,1.1855
72714,2.0809
72715,1.1753
72721,0.5486
72722,0.876
72723,3.8302
72724,1.9095
72725,3.1433
72726,2.822
72764,1.1818
72769,2.631
72770,0.3418
72772,1.2781
72823,3.892
72824,3.1377
72829,0.5091
72830,3.6016
72831,3.1502
72835,0.2259
72838,0.6428
72839,1.5869
72840,0.5685
72855,0.2697
72861,0.6089
72862,0.6201
72863,2.7155
72864,1.8582
72865,1.0295
72866,2.0606
72867,2.9684
72868,2.6726
72869,0.8816
72870,2.302
72878,0.9014
72884,3.8158
72885,3.2073
72888,2.3761
72889,3.8059
72890,0.3141
72894,0.4335
72907,0.5589
72908,0.4768
72909,3.628
72910,2.4464
72911,0.4974
72912,2.0384
72913,1.0744
72919,0.5511
72921,3.73
72922,0.2739
72923,0.7032
72924,2.4593
72926,2.0611
72927,1.5656
72934,1.8697
72935,3.3865
72936,1.8531
72937,0.6939
72938,0.2726
72939,2.3239
72942,1.1934
72948,0.4292
72949,3.9658
72950,0.2349
72951,1.6708
72952,2.1801
72953,0.2388
72954,1.0704
72955,2.6066
72961,2.6968
72964,0.5963
72965,2.7201
72967,2.6653
72968,1.2308
72969,1.3279
72972,4.0475
72973,3.0259
72974,1.2041
72975,2.7548
72976,2.5818
72977,2.3329
72978,0.6011
72979,0.2759
72985,0.6237
72986,0.5202
72988,2.0175
72989,1.0974
72990,3.2292
72991,2.9816
72993,2.5478
72994,1.2609
72995,0.9524
73001,0.4522
73002,1.8032
73003,2.6273
73004,3.5633
73005,3.1207
73006,1.6388
73007,2.3881
73038,3.1309
73040,2.6175
73041,2.4005
73042,0.8091
73043,0.1691
73052,0.0979
73054,0.5294
73055,0.438
73056,2.6997
73057,3.0394
73058,2.673
73059,1.0398
73060,2.4323
73061,0.0631
73816,1.7063
73817,0.3562
73818,1.4321
73820,2.4952
73821,2.4532
73822,2.0018
73823,2.155
73824,2.0123
73825,1.3326
73831,0.6359
73833,0.7006
73834,2.7723
73839,2.076
73840,2.4449
73841,1.9619
73847,3.5895
73848,0.7579
73849,1.7726
73850,0.6086
73851,0.4495
73852,2.6944
73853,0.85
73856,2.4628
73857,1.4964
73892,0.7182
73893,1.2816
73894,0.993
73895,2.6918
73897,2.6058
73898,0.9768
73899,1.6247
73900,1.765
73906,3.1496
73907,3.6998
73908,1.3401
73909,0.8832
73910,2.2056
73912,2.56
73913,2.3366
73921,1.1374
73923,0.3203
73924,3.388
73925,2.9247
73926,1.7575
73927,2.5065
73928,2.2963
73935,2.2192
73936,0.553
73937,3.6399
73938,0.634
73939,2.9786
73941,0.6531
73942,2.5282
73943,0.6361
73953,1.4005
73954,0.5722
73955,3.3446
73957,2.9326
73958,2.6951
73959,1.6725
73961,3.8736
73962,1.2819
73963,3.1912
73964,1.6917
73965,2.8189
73968,0.749
73978,4.3885
73979,2.8267
73980,0.3956
73981,1.3072
73982,3.0805
73983,2.8103
73984,2.6033
73985,0.7812
73994,4.0301
74001,2.6036
74036,1.9136
74037,0.6029
74038,1.3287
74039,1.6178
74040,0.4202
74041,0.4674
74050,0.2658
74051,1.5094
74052,2.2585
74053,0.4636
74059,1.4677
74060,3.9408
74061,3.7964
74062,3.3122
74063,2.8009
74064,2.6112
74065,1.6218
74066,0.3527
74068,3.8952
74069,1.1429
74070,0.0681
74071,0.4057
74072,2.2307
74073,2.6112
74074,1.504
74078,1.0177
74079,0.0907
74083,0.4799
74084,0.1573
74085,2.962
74086,2.6271
74088,2.2246
74101,4.2083
74102,3.6239
74103,0.3142
74104,0.956
74112,1.5605
74113,3.453
74114,2.0564
74115,0.3594
74116,2.5294
74117,0.9344
74118,0.5542
74124,4.0936
74125,1.9727
74126,2.7125
74127,1.6882
74128,2.8258
74131,2.3779
74134,0.2969
74149,3.4296
74150,0.586
74151,3.1388
74155,0.6796
74156,0.4582
74157,0.4231
74188,2.64
74191,2.6874
74192,1.9499
74193,0.4983
74196,0.2616
74205,1.6721
74206,1.6274
74207,1.0374
74208,0.5483
74209,2.9308
74228,4.2333
74230,2.0619
74231,3.2731
74233,1.8187
74234,2.3012
74242,0.6083
74243,4.0501
74244,3.6111
74246,3.2677
74247,1.5114
74248,2.2794
74249,0.5208
74276,0.7658
74277,0.0463
74279,3.5837
74280,0.5333
74281,2.6983
74282,0.6397
74283,0.4259
74284,2.8423
74285,0.6532
74286,2.5826
74293,4.0707
74294,3.5147
74295,3.149
74296,2.8205
74297,0.4173
74304,0.6456
74305,4.4151
74306,3.4538
74307,0.0525
74308,0.9172
74310,0.3784
74311,2.592
74330,1.7275
74331,2.607
74332,0.5845
74333,3.1634
74335,2.8681
74336,2.5645
74337,1.4027
74338,1.5581
74347,2.8934
74348,2.7275
74350,0.289
74351,2.0962
74352,1.0903
74353,0.7526
74354,0.343
74355,1.0313
74359,0.463
74360,3.8442
74361,1.0188
74363,3.2823
74364,3.0383
74365,2.7044
74366,2.4372
74372,2.5126
74373,4.0695
74374,1.2036
74375,1.132
74376,2.942
74377,2.6021
74378,1.0937
74384,2.6166
74385,3.1957
74386,2.423
74387,0.9605
74388,2.775
74389,2.4153
74390,0.6469
74393,0.7009
74394,3.9827
74395,3.7999
74396,1.5089
74397,2.0326
74398,2.9154
74399,2.3748
74409,2.3532
74410,3.4017
74411,0.9275
74412,1.7722
74413,2.4669
74414,2.5437
74415,0.2357
74416,2.2453
74417,1.8603
74432,3.0718
74436,0.6506
74437,0.4733
74438,0.5636
74439,0.3382
74440,0.2678
74441,2.2263
74442,2.7359
74443,2.3987
74444,2.4407
74445,2.0647
74446,2.124
74447,1.6204
74448,1.9703
74449,0.7772
74450,1.8166
74451,0.6883
74467,0.0191
74468,2.9531
74469,3.3099
74470,2.6267
74471,0.8029
74472,2.4412
74474,0.4523
74482,3.9791
74484,1.9295
74485,0.3134
74488,0.2388
74489,3.5413
74490,3.3523
74491,2.6138
74492,2.585
74493,1.5006
74494,0.2334
74502,4.0088
74503,1.2455
74504,1.3917
74505,1.4965
74506,3.0763
74507,1.1986
74509,2.5678
74510,0.4477
74516,0.4396
74517,2.959
74518,0.4653
74519,0.1541
74522,2.877
74523,2.4936
74524,0.7179
74530,0.4233
74534,0.287
74536,1.5615
74537,0.4181
74538,2.4605
74539,1.2936
74540,0.5084
74541,0.3095
74547,0.518
74548,4.2498
74550,3.4097
74551,3.219
74552,1.7733
74553,0.9909
74554,0.4125
74555,2.5761
74564,0.599
74565,0.3145
74567,3.3982
74568,2.792
74569,1.7299
74570,0.6749
74571,0.3855
74572,2.0856
75143,2.9527
75144,1.6549
75159,0.6215
75162,0.8313
75163,3.0659
75164,0.9077
75165,2.7588
75166,0.8702
75168,1.3821
75170,1.7587
75183,4.1932
75184,3.5241
75185,2.985
75186,2.6182
75188,2.4032
75189,1.1608
75218,2.0005
75219,0.6919
75220,3.4701
75221,3.501
75223,1.2186
75224,2.4905
75225,1.137
75238,3.0367
75239,1.3266
75240,0.2247
75241,2.3569
75242,0.5542
75243,3.0117
75244,0.9855
75245,1.3645
75246,2.4635
75247,0.5904
75254,0.8421
75255,0.4874
75256,0.6532
75299,0.921
75300,0.4445
75302,3.2498
75303,2.352
75315,0.4846
75316,4.1088
75321,1.0767
75335,1.6825
75342,0.8557
75358,4.2619
75359,0.3233
75360,3.0724
75361,0.2835
75362,2.1437
75363,2.7849
75364,2.4787
75365,1.3457
75373,1.1031
75376,1.3259
75377,3.9203
75378,3.5402
75379,2.8919
75380,2.7497
75381,1.0275
75390,0.0579
75391,4.0123
75392,3.699
75393,3.263
75394,1.7236
75395,2.5298
75396,0.3389
75403,0.1706
75405,3.7796
75406,3.3632
75407,2.8036
75408,1.1195
75409,1.49
75421,1.8521
75422,0.4389
75426,1.0148
75428,3.2525
75429,0.3802
75430,2.8788
75431,2.5562
75432,0.0617
75433,1.0131
75442,4.1064
75443,3.5675
75444,0.3141
75445,0.6101
75449,1.7861
75450,2.1726
75451,0.6634
75458,0.6634
75459,0.5537
75460,3.9522
75461,0.0144
75462,3.1143
75464,2.0839
75469,0.7013
75470,0.2464
75476,4.612
75477,0.6809
75478,1.0586
75479,3.1148
75480,2.5537
75481,1.2316
75484,1.4251
75490,0.5772
75491,4.4314
75492,1.0647
75493,3.2287
75494,0.7992
75495,0.5222
75496,2.6154
75497,0.508
75504,2.6247
75505,3.84
75506,0.424
75507,3.2682
75508,0.6306
75509,2.6303
75510,2.4667
75511,0.5402
75518,0.5496
75519,3.9263
75520,3.7543
75521,3.3753
75522,1.5526
75523,1.4488
75524,2.4505
75525,1.9354
75526,0.8596
75532,0.5652
75533,4.4127
75534,3.91
75535,3.4821
75536,3.009
75537,2.679
75538,1.35
75546,0.6274
75548,1.0977
75549,3.5996
75551,3.0648
75552,0.6942
75577,0.5723
75578,1.8972
75579,3.5469
75580,2.3443
75581,2.189
75606,4.1668
75607,3.6191
75608,1.205
75626,2.4652
75627,0.5296
75640,0.3919
75641,2.0
75642,0.3659
75643,2.8809
75644,0.6221
75645,2.6878
75671,1.5894
75688,3.5638
75689,1.9475
75690,2.8992
75691,1.4135
75692,3.1841
75693,2.0515
75694,2.6312
75695,0.2601
75703,4.3932
75706,1.1607
75707,2.7397
75708,0.2857
75714,3.419
75715,0.0527
75717,3.0343
75718,2.6649
75719,1.8206
75725,0.5777
75726,3.4636
75727,3.9722
75728,0.8707
75741,2.2661
75742,0.3812
75757,2.0857
75758,1.6558
75759,1.6059
75767,3.2172
75768,1.976
75769,0.4375
75770,0.595
75771,0.2886
75772,0.2579
75773,0.9615
75774,2.8359
75775,2.7988
75776,0.1153
75785,1.0059
75787,3.1109
75788,2.8854
75809,0.6061
75810,1.4153
75811,0.4624
75812,2.823
75813,1.4223
75822,2.4821
75839,0.5735
75840,0.5275
75841,1.8306
75844,2.4636
75845,0.3704
75864,3.7247
75865,0.8228
75866,3.2798
75867,2.9551
75868,2.526
75869,1.6695
75870,0.9418
75880,1.0814
75881,3.9892
75882,0.4215
75883,1.9909
75884,1.6088
75885,2.7435
75886,2.7124
75887,0.2815
75888,0.2152
75889,0.2652
75902,0.9409
75903,0.2597
75904,2.7616
75905,1.2499
75907,0.3045
75909,1.3158
75910,3.2328
75911,2.6414
75912,2.2296
75913,0.2353
75914,2.2743
75915,2.0831
76001,1.6514
76002,3.1295
76003,0.5508
76004,3.7171
76005,0.424
76007,1.6965
76008,2.7648
76009,2.4747
76015,0.9815
76017,1.5119
76018,0.4057
76019,2.3632
76020,3.1587
76021,2.7226
76022,1.0286
76023,1.853
76024,1.2123
76040,1.5116
76041,2.4943
76042,2.7707
76044,0.7341
76046,2.7905
76047,2.5273
76048,1.7391
76049,1.5812
76054,0.5547
76055,1.6135
76057,2.1948
76058,2.668
76073,1.3237
76074,0.5154
76075,0.7322
76076,2.8621
76080,2.3003
76081,0.2438
76082,1.9357
76083,0.8761
76086,0.3789
76093,2.9668
76094,1.2906
76096,0.803
76097,2.6826
76098,2.9008
76099,2.0203
76101,1.2751
76107,0.7102
76108,1.7565
76109,1.6289
76110,1.3588
76111,0.2994
76113,2.3892
76114,2.0865
76115,2.0792
76117,0.4734
76123,0.8704
76124,3.0955
76125,3.8693
76126,3.4389
76127,0.334
76128,2.2825
76129,2.7851
76130,1.8937
76137,0.6857
76138,4.242
76139,0.7372
76141,3.267
76142,2.1843
76143,2.5073
76144,1.0407
76150,0.9027
76151,3.1666
76152,2.9302
76153,1.0845
76154,1.3975
76194,2.6549
76195,1.6525
76196,1.764
76197,0.637
76199,1.2498
76200,0.521
76201,0.3235
76202,2.0387
76205,0.399
76212,0.9919
76213,1.6022
76214,2.2625
76215,2.223
76216,2.5715
76217,2.2889
76220,0.4734
76226,0.671
76227,2.3139
76228,0.5322
76231,2.5238
76232,2.289
76234,2.0399
76235,1.8148
76236,0.351
76243,0.7194
76244,1.8299
76246,2.4537
76247,0.7986
76248,1.7123
76250,2.8497
76253,1.4235
76254,0.2528
76256,0.3822
76257,1.7643
76267,0.7268
76268,1.95
76269,3.848
76271,2.9116
76280,1.4515
76281,1.0315
76282,2.817
76285,0.2734
76286,1.5069
76290,0.7585
76293,0.1541
76294,1.9061
76295,2.5733
76305,0.6056
76306,0.3964
76307,3.3716
76308,2.021
76309,0.4758
76312,2.0781
76313,0.7904
76316,1.0165
76317,2.3838
76325,0.9617
76326,3.1265
76327,1.8069
76331,2.3374
76332,0.7834
76333,1.9922
76334,1.4067
76342,0.4136
76344,3.062
76345,1.9091
76346,2.2294
76347,0.8403
76348,0.5954
76414,1.2026
76416,1.6972
76417,0.3102
76418,1.7434
76451,0.608
76452,0.8423
76459,0.847
76466,0.4377
76469,0.2683
76470,2.0879
76472,2.7578
76473,3.3179
76474,2.9876
76475,1.0652
76476,2.149
76477,0.5588
76485,0.403
76486,2.228
76487,1.0142
76488,2.9841
76489,0.2923
76497,0.5304
76504,0.4138
76505,2.3151
76507,2.7501
76508,0.2308
76509,0.5158
76510,1.1329
76511,1.7826
76512,1.0565
76522,0.4971
76523,0.3927
76526,0.8386
76527,0.7777
76528,2.3361
76529,1.301
76530,0.9308
76531,0.6404
76532,2.5486
76533,1.3661
76541,1.5318
76542,0.392
76543,0.2854
76544,1.105
76545,1.5798
76546,0.3372
76554,0.3391
76556,1.0378
76557,0.9105
76558,0.3953
76559,3.3288
76560,2.8928
76561,2.5818
76562,0.276
76570,2.2211
76571,0.5554
76577,2.6303
76579,1.1736
76580,0.56
76581,0.8336
76582,0.0652
76583,2.5055
76584,0.4639
76596,3.0573
76597,0.5231
76598,2.6642
76599,2.9017
76600,2.483
76609,1.2545
76610,0.8597
76611,3.0253
76612,1.5886
76613,1.92
76614,1.7342
76616,0.9428
76618,1.939
76626,3.0797
76627,3.1196
76628,1.3004
76629,2.479
76631,1.0261
76632,1.1497
76633,1.3722
76641,0.5086
76642,0.3978
76645,3.4206
76646,2.2477
76648,1.6261
76649,2.3913
76650,2.1792
76651,0.199
76654,1.4519
76660,0.5263
76661,3.4885
76662,0.64
76664,0.2824
76665,0.5594
76666,2.5704
76667,0.3865
76668,0.4033
76675,0.6793
76679,1.7828
76680,2.9036
76682,1.1218
76683,1.5806
76684,1.8936
76692,2.5703
76697,1.0345
76700,2.9938
76701,0.7371
76736,3.4141
76737,2.0918
76738,1.1424
76739,0.179
76740,0.6587
76741,1.4989
76746,1.3963
76747,0.4076
76757,3.0858
76758,2.8703
76759,2.5307
76760,0.0708
76761,0.6939
76762,2.4498
76763,0.2709
76774,0.5607
76777,0.5833
76778,0.8647
76779,2.9435
76780,1.8875
76781,1.264
76782,1.0964
76784,2.0529
76785,1.8426
76786,0.6051
76792,0.6641
76795,0.9907
76796,1.6353
76797,1.8357
76798,2.4933
76799,2.2159
76801,1.7425
76802,0.904
76817,2.7407
76821,1.4123
76822,0.5138
76823,0.8507
76824,1.9137
76825,1.2138
76826,0.8247
76837,0.4149
76838,2.1678
76839,0.7549
76840,2.0886
76841,2.0986
76842,2.0938
76856,2.7268
76857,0.5131
76866,2.9009
76868,2.616
76869,1.0381
76870,2.6365
76871,0.9122
76892,0.4087
76893,1.4544
76894,3.1531
76895,2.7409
76896,1.7289
76897,0.5974
76905,0.2747
76913,2.6501
76915,1.5426
76916,0.7397
76917,2.2591
76918,2.6491
76919,1.0762
76934,0.4703
76935,0.1603
76937,2.5323
76939,0.0459
76940,2.143
76947,0.7957
76948,3.1332
76949,2.5331
76950,2.3142
76951,1.8534
76952,2.5969
76953,0.9047
76960,0.5306
76961,3.1534
76962,2.7236
76963,1.7302
76974,0.3544
76975,1.2472
76977,1.73
76978,2.4492
76979,0.5567
76980,2.5676
76981,1.0831
76982,0.2262
76984,1.4217
76998,2.3479
76999,1.6522
77000,2.4878
77001,2.2182
77002,0.4132
77004,1.7138
77005,2.0175
77006,0.0588
77007,0.2237
77010,2.012
77011,0.1263
77012,0.346
77019,0.4623
77022,3.2835
77023,0.3314
77025,0.2298
77026,0.2055
77027,2.126
77028,0.87
77045,3.561
77046,1.1721
77047,2.8252
77048,2.5604
77049,0.4041
77062,0.8168
77063,1.5863
77064,1.0245
77067,3.0628
77068,0.0237
77069,1.9044
77070,2.4256
77079,0.5636
77082,2.7591
77083,1.7019
77084,3.2296
77085,0.6523
77086,1.0642
77087,2.5732
77088,1.5651
77098,0.6258
77099,2.859
77101,0.6769
77102,1.0303
77103,1.7541
77140,0.6489
77143,3.3775
77144,0.5013
77145,3.405
77146,0.9817
77156,0.0961
77160,2.8414
77161,1.1483
77164,0.3929
77165,2.6991
77167,2.1265
77168,2.5633
77176,0.8984
77177,3.4499
77180,0.4288
77181,1.9729
77182,2.8731
77183,1.2547
77184,2.2802
77185,0.7799
77318,3.178
77320,0.7342
77321,1.5219
77322,3.5583
77323,0.4437
77324,2.6241
77325,0.6885
77326,0.4641
77327,1.0904
77338,0.9899
77339,2.8948
77340,0.0869
77342,2.5637
77343,2.0635
77344,1.4916
77362,0.8909
77363,4.1886
77364,0.6615
77366,2.0112
77367,2.8711
77368,1.9821
77369,1.5254
77370,2.7292
77382,3.106
77383,2.5975
77384,0.4666
77385,3.3246
77386,0.2896
77388,0.4533
77389,0.5646
77390,0.7853
77400,0.7113
77401,4.2283
77402,3.685
77403,3.4668
77404,0.033
77406,2.6265
77407,1.3136
77417,0.5729
77419,3.9841
77421,0.6282
77422,2.5908
77424,2.3889
77425,2.048
77426,0.5032
77427,0.8013
77428,1.2869
77434,1.2141
77435,2.9194
77436,2.4988
77437,1.8036
77438,2.2039
77439,0.3581
77443,2.2387
77444,1.2378
77458,0.499
77461,1.6315
77462,3.4164
77463,1.747
77464,2.8408
77465,0.0757
77466,0.3055
77472,0.4948
77473,0.8577
77474,0.9941
77475,2.3101
77476,0.4672
77481,2.5186
77484,1.5518
77485,2.7281
77486,0.3119
77487,0.341
77488,1.8238
77492,0.4664
77494,0.4386
77513,0.4403
77514,2.2239
77515,2.0383
77516,2.2231
77517,0.737
77521,2.262
77522,0.7726
77523,2.5636
77524,0.6286
77530,0.556
77531,0.6695
77549,3.0318
77550,2.7756
77551,0.2627
77553,0.509
77554,1.8083
77555,1.3962
77556,2.0538
77563,1.7323
77564,0.5013
77565,4.1689
77566,3.7315
77568,0.7862
77569,3.1655
77570,2.0802
77571,2.4545
77576,2.3392
77577,4.115
77578,1.9241
77581,0.9443
77582,3.1581
77584,2.5218
77585,2.5692
77586,0.5719
77592,3.0334
77593,0.4508
77594,1.7468
77595,0.7312
77600,0.3689
77601,2.4146
77602,3.3583
77603,2.901
77604,1.5192
77605,0.946
77606,0.8131
77613,0.4077
77614,1.8865
77615,1.4505
77616,3.9407
77617,0.9486
77618,0.3922
77619,2.1116
77620,2.7101
77621,2.0909
77629,0.5463
77633,3.4198
77634,2.5866
77658,2.0085
77659,2.5051
77660,2.9276
77661,1.4093
77662,1.483
77663,2.7162
77664,0.0553
77680,1.6768
77683,2.4226
77684,0.3321
77688,3.0676
77690,0.4714
77691,1.1274
77697,0.6169
77698,1.3565
77699,2.6535
77700,0.3341
77701,2.223
77702,0.2507
77704,0.9936
77705,2.4425
77706,0.2875
77752,0.3565
77753,1.1584
77754,2.8978
77755,0.5836
77756,1.0512
77758,0.5946
77759,3.3465
77760,0.4417
77762,2.0723
77763,2.5616
77764,0.2672
77766,2.7912
77778,1.1643
77779,1.6607
77780,1.8525
77781,1.4013
77782,0.3432
77783,0.5327
77784,0.2109
77786,0.3693
77795,2.5986
77796,0.3241
77797,0.1083
77798,0.5724
77813,0.2971
77814,2.6698
77815,0.4587
77818,0.343
77824,1.1017
77832,0.5294
77834,0.2559
77835,0.0831
77850,0.3597
77851,0.3149
77854,1.8862
77856,0.3068
77862,0.7032
77863,2.0141
77864,2.8121
77865,0.0791
77866,3.2889
77867,0.3083
77868,0.1534
77872,0.2994
77873,1.72
77874,0.8895
77881,0.7453
77883,0.5599
77884,2.4587
77885,2.035
77886,2.0458
77887,2.4025
77889,0.9414
77900,2.3533
77901,0.5078
77902,1.8682
77903,1.2611
77905,3.474
77906,0.6278
77907,0.3447
77908,0.3652
77909,2.6143
77910,0.8615
77918,3.2225
77919,1.3409
77921,1.8529
77922,3.0288
77923,2.7716
77924,1.7279
77931,0.8186
77932,0.5138
77933,0.4397
77934,3.9267
77935,1.1721
77936,0.2608
77937,0.0094
77938,0.1398
77939,1.5613
77942,0.6381
77947,1.2399
77949,2.7491
77950,3.1763
77951,0.9405
77953,0.7124
77954,0.8169
77955,2.7072
77957,2.4384
77958,1.4457
77964,0.7498
77965,3.2146
77966,1.2029
77967,1.1649
77968,0.4185
77990,1.2698
77991,3.0969
77992,2.5442
77996,0.9778
78006,1.6591
78007,1.0244
78014,0.341
78015,3.6411
78016,0.1744
78017,2.152
78018,0.1634
78019,2.6328
78020,1.5712
78029,4.1228
78030,0.5335
78032,0.8955
78033,1.7582
78034,0.1171
78035,0.815
78036,0.5336
78044,0.3988
78048,0.2298
78049,4.2254
78050,1.6185
78051,0.4232
78053,0.5567
78054,0.075
78055,2.462
78056,2.5668
78057,0.1403
78064,0.4923
78066,0.9253
78067,3.4172
78068,0.4118
78069,0.5521
78071,2.886
78072,1.6271
78073,2.6845
78074,0.7196
78080,0.7271
78082,2.5597
78084,0.3294
78085,0.3043
78086,0.0335
78087,0.0484
78088,0.2228
78089,1.3565
78202,0.2274
78203,4.047
78206,2.4702
78207,1.7533
78209,2.0918
78211,2.3259
78217,0.4874
78218,4.1678
78220,3.4649
78221,1.57
78222,2.4608
78223,2.5071
78224,0.0646
78225,2.1404
78226,0.1504
78227,1.8962
78228,1.7994
78229,1.2903
78238,2.2242
78239,4.1622
78240,2.5176
78247,0.422
78248,0.4632
78249,4.2295
78250,3.849
78251,2.0476
78252,2.7429
78253,0.2578
78254,0.4959
78260,0.6885
78261,2.557
78262,0.485
78263,0.6525
78264,2.4621
78279,0.6961
78280,2.7117
78281,1.1401
78282,1.039
78285,1.1252
78287,0.5175
78288,2.5409
78289,3.8433
78290,3.6578
78292,0.0539
78293,1.069
78294,2.8519
78295,2.6269
78297,0.225
78305,4.4164
78306,2.6197
78307,3.4497
78308,2.7584
78309,2.5159
78310,2.4814
78316,0.6165
78317,0.6332
78318,2.6859
78319,2.6769
78320,0.3128
78322,0.7381
78323,1.3957
78324,0.0995
78326,1.5519
78327,2.8175
78328,2.5132
78329,0.201
78337,0.6629
78342,1.3496
78343,0.1018
78345,2.3605
78346,2.2692
78347,3.0049
78348,2.6583
78349,1.9499
78358,1.3563
78359,2.812
78360,1.6949
78361,1.1514
78362,0.2909
78363,2.9
78364,2.367
78365,1.7022
78374,2.8176
78375,1.9696
78376,3.3783
78377,3.0529
78378,0.6149
78379,2.7918
78380,2.1158
78386,0.6683
78387,2.2186
78397,0.6776
78398,3.495
78400,1.4362
78403,1.7373
78404,2.5577
78405,0.5392
78406,1.9983
78407,1.8827
78408,1.096
78418,0.2958
78419,0.291
78420,0.3536
78421,0.0724
78423,0.0779
78425,1.4261
78427,1.9407
78428,0.5429
78437,1.2739
78438,0.9468
78439,0.3802
78442,2.4238
78443,2.7455
78444,0.5804
78445,0.8856
78446,2.2062
78447,2.1702
78448,0.3216
78462,0.7212
78463,2.0574
78464,0.3495
78465,3.2274
78466,0.3285
78467,3.0436
78470,2.3113
78471,1.8758
78472,0.1947
78479,0.4404
78480,0.8268
78481,0.471
78485,1.8004
78486,1.2275
78487,3.5053
78488,2.8705
78489,2.5297
78490,2.1433
78491,1.1312
78492,1.7228
78502,3.3174
78503,3.6063
78504,2.9737
78505,0.8259
78507,0.4819
78508,2.4369
78509,0.4808
78510,1.1957
78520,0.4867
78521,3.0553
78522,0.9276
78523,3.0085
78524,1.0892
78525,0.1293
78526,0.1357
78527,0.5319
78535,0.7892
78536,4.0601
78537,3.7041
78538,0.0275
78543,1.3302
78544,0.3683
78547,1.173
78553,0.3679
78555,3.0257
78556,3.2388
78558,2.9033
78559,0.8683
78567,0.3136
78568,3.7814
78571,2.699
78572,2.1454
78579,2.7141
78580,3.4377
78583,0.0319
78584,0.6967
78585,2.5641
78586,2.29
78587,1.4064
78595,0.6294
78596,0.4485
78597,2.5397
78602,2.3445
78603,3.0166
78604,2.1868
78613,0.7627
78616,2.5836
78617,1.2959
78638,0.4961
78643,0.8413
78646,2.4665
78647,2.4432
78648,2.0774
78649,1.3226
78658,0.4015
78659,0.5043
78660,3.8249
78662,2.3887
78681,0.6542
78682,0.0445
78683,3.0254
78686,0.0569
78689,2.0494
78697,0.4171
78698,0.6682
78700,1.6173
78703,0.3584
78708,2.6733
78709,2.3684
78710,0.4213
78711,0.2988
78724,0.6851
78727,0.5111
78728,0.6058
78729,2.6446
78731,0.5891
78732,3.2221
78733,2.4207
78735,1.8008
78736,1.2173
78737,1.6544
78739,1.1705
78740,1.3002
78746,0.5881
78747,1.3888
78748,0.5175
78749,1.769
78750,1.8508
78751,0.6777
78752,0.3199
78754,2.3266
78758,0.9262
78776,0.6591
78777,0.3973
78778,3.5699
78780,1.5539
78783,0.8497
78784,0.4955
78802,0.5376
78803,0.7224
78805,0.5188
78806,0.3707
78813,2.1818
78814,1.2012
78818,1.9358
78819,1.8906
78820,0.9559
78834,0.6555
78836,2.6553
78838,2.904
78839,1.228
78840,2.132
78841,0.3134
78842,1.7492
78843,1.5233
78845,1.9172
78856,0.6822
78858,3.5531
78860,0.8551
78863,2.7348
78864,1.2058
78865,1.6383
78867,1.0715
78868,0.3601
78879,0.6633
78880,2.8284
78881,2.5423
78882,0.4412
78883,2.2346
78884,1.745
78885,1.7614
78886,0.6972
78894,3.4924
78895,2.9281
78896,1.5022
78897,0.6081
78901,0.313
78903,0.3524
78914,0.563
78915,0.6813
78916,1.9461
78917,0.8862
78918,0.2716
78920,0.1452
78921,0.0992
78923,0.1097
78924,0.0371
78940,0.8029
78941,1.3148
78942,0.6994
78944,0.0275
78950,0.0176
78951,0.0898
78952,0.2355
78953,1.3342
78954,0.5435
