Run,Method,Lumi
66580,Trig 14,0.0009955064
66737,Trig 14,0.00053027767
66739,Trig 14,0.00047305645
66740,Trig 14,0.00044134786
66741,Trig 14,0.00035838233
66742,Trig 14,0.00038418735
67526,Trig 14,0.0012244398
67533,Trig 14,0.00032813835
67537,Trig 14,0.00035424068
67568,Trig 14,0.0011925885
67570,Trig 14,0.001627805
67574,Trig 14,0.0012777881
67580,Trig 14,0.0023099335
67583,Trig 14,0.0002591137
67584,Trig 14,0.00025587901
67585,Trig 14,0.00080347026
67586,Trig 14,0.00039267252
67587,Trig 14,0.00045428335
67596,Trig 14,0.00085208245
67597,Trig 12,0.00031460184
67598,Trig 12,0.00056491536
67599,Trig 12,0.001794762
67600,Trig 12,0.0014733286
67601,Trig 12,0.0012731889
67602,Trig 12,0.00092177436
67633,Trig 12,9.121363e-05
67634,Trig 12,0.00039537714
67645,Trig 12,0.0010054075
67660,Trig 12,0.0011940642
67676,Trig 12,0.0005005267
67677,Trig 12,0.0005408235
67678,Trig 12,0.0013678906
67679,Trig 12,0.0015575358
67683,Trig 12,0.00064271333
67686,Trig 12,0.0013408051
67688,Trig 12,0.001206264
67689,Trig 12,0.0011098748
67695,Trig 12,0.0027686197
67696,Trig 12,0.0019551814
67697,Trig 12,0.0016429286
67699,Trig 12,0.0007785836
67701,Trig 12,0.0011648469
67738,Trig 12,0.00036138977
67739,Trig 12,0.00034808365
67740,Trig 12,0.0032439658
67742,Trig 12,0.001092189
67743,Trig 12,0.0026586729
67745,Trig 12,0.0014124796
67746,Trig 12,0.0024653673
67747,Trig 12,0.0023116278
67748,Trig 12,0.0021731716
67749,Trig 12,0.0021037469
67750,Trig 12,0.00034330774
67759,Trig 12,0.00038525177
67770,Trig 12,0.0028436468
67772,Trig 12,0.001028568
67777,Trig 12,0.0023423303
67778,Trig 12,0.00039058286
67779,Trig 12,0.00065243023
67780,Trig 12,0.0021708168
67781,Trig 12,0.0020379438
67782,Trig 12,0.0003802649
67784,Trig 12,0.0009925173
67785,Trig 12,0.0031920068
67786,Trig 12,0.00051415956
67788,Trig 12,0.00053256785
67794,Trig 12,0.000509329
67929,Trig 12,4.8970745e-05
67930,Trig 12,0.00063999655
67932,Trig 12,0.0027581872
67933,Trig 12,0.0007841349
67934,Trig 12,0.0024687203
67935,Trig 12,0.00026527545
67936,Trig 12,0.0009183495
67938,Trig 12,0.0005943014
67939,Trig 12,0.0012796706
67941,Trig 12,0.00036903226
67942,Trig 12,0.0007109407
67943,Trig 12,0.0015134262
67947,Trig 12,0.0004964801
67948,Trig 12,0.0003998912
67949,Trig 12,0.0011531672
67951,Trig 12,0.00059105724
67952,Trig 12,0.00087456097
67953,Trig 12,0.00026171788
67954,Trig 12,0.0004396779
67956,Trig 12,0.00079148496
67959,Trig 12,0.0008007371
67960,Trig 12,0.00041285358
67961,Trig 12,0.0008080105
67962,Trig 12,0.001368531
67963,Trig 12,0.0021214683
67964,Trig 12,0.0008237285
68002,Trig 12,0.0003248131
68005,Trig 12,0.0005388644
68006,Trig 12,0.00076211005
68011,Trig 12,0.00080310187
68018,Trig 12,0.00069723395
68023,Trig 12,0.0006887986
68024,Trig 12,0.0006831664
68025,Trig 12,0.0002236937
68026,Trig 12,0.00072046946
68027,Trig 12,0.0005671284
68028,Trig 12,0.0005485851
68029,Trig 12,0.00028127592
68042,Trig 12,0.0010954108
68043,Trig 12,0.00017478828
68044,Trig 12,0.0009809637
68045,Trig 12,0.0009446815
68046,Trig 12,0.00092277164
68047,Trig 12,7.405471e-05
68048,Trig 12,0.0008641515
68050,Trig 12,0.00047832477
68051,Trig 12,0.00082422263
68053,Trig 12,0.0007236264
68057,Trig 12,0.00074372854
68058,Trig 12,0.00073458534
68060,Trig 12,0.00072313886
68063,Trig 12,0.0004043134
68064,Trig 12,0.00041478637
68075,Trig 12,0.0012388964
68076,Trig 12,0.0011525381
68077,Trig 12,0.0010620006
68078,Trig 12,0.0009932506
68079,Trig 12,0.00085358036
68082,Trig 12,0.0013220479
68084,Trig 12,0.00026436258
68085,Trig 12,0.0012113535
68086,Trig 12,0.0011107295
68087,Trig 12,0.0011281194
68089,Trig 12,0.0011076176
68090,Trig 12,0.000581277
68099,Trig 12,0.0031344767
68100,Trig 12,0.001758634
68102,Trig 12,0.002636316
68103,Trig 12,0.0012472674
68104,Trig 12,0.0003838928
68106,Trig 12,0.0022895678
68107,Trig 12,0.00067854475
68109,Trig 12,0.0007223175
68110,Trig 12,0.0018829615
68112,Trig 12,0.00030819085
68113,Trig 12,0.0020446184
68114,Trig 12,0.0013321885
68117,Trig 12,0.0012460813
68118,Trig 12,0.0008239397
68119,Trig 12,0.0010609989
68124,Trig 12,0.0004693422
68129,Trig 12,0.0008098042
68130,Trig 12,0.0030943446
68131,Trig 12,0.0014700416
68134,Trig 12,0.0025702403
68135,Trig 12,0.0024006898
68136,Trig 12,0.0008423573
68137,Trig 12,0.0016281031
68143,Trig 12,0.0023610792
68144,Trig 12,0.0031781066
68145,Trig 12,0.0001924385
68146,Trig 12,0.0026528083
68148,Trig 12,0.0011704034
68149,Trig 12,0.0018896305
68152,Trig 12,0.0031960774
68154,Trig 12,0.00037048623
68155,Trig 12,0.0007670339
68156,Trig 12,0.0016561408
68157,Trig 12,0.0027913698
68159,Trig 12,0.00039622138
68160,Trig 12,4.884725e-05
68177,Trig 12,0.0025559233
68178,Trig 12,0.0002452337
68179,Trig 12,0.0009519228
68180,Trig 12,0.0012222641
68207,Trig 12,0.0026470497
68208,Trig 12,0.00033762402
68209,Trig 12,0.0014716015
68210,Trig 12,0.0011387359
68211,Trig 12,0.0024347894
68212,Trig 12,0.0007321782
68214,Trig 12,0.0003547299
68215,Trig 12,0.0011361587
68216,Trig 12,0.00050508376
68218,Trig 12,0.0015808942
68220,Trig 12,0.0011065836
68335,Trig 12,0.00036605535
68336,Trig 12,0.00034146933
68338,Trig 12,0.00047087728
68346,Trig 12,0.0005790136
68347,Trig 12,0.0016263175
68348,Trig 12,0.0018123408
68376,Trig 12,0.0015224252
68382,Trig 12,0.0016268048
68386,Trig 12,0.0007340022
68388,Trig 12,0.0013728866
68389,Trig 12,0.0024437131
68402,Trig 12,0.0036061448
68403,Trig 12,0.0019068829
68405,Trig 12,0.0008706206
68406,Trig 12,0.0025287806
68407,Trig 12,0.0004813901
68408,Trig 12,0.001519832
68409,Trig 12,0.0016959612
68414,Trig 12,0.0022401302
68415,Trig 12,0.001189044
68417,Trig 12,0.0027247968
68418,Trig 12,0.00040643674
68419,Trig 12,0.00040068722
68420,Trig 12,0.0003863738
68436,Trig 12,0.0013487587
68439,Trig 12,0.00061465026
68470,Trig 12,0.0014155061
68487,Trig 12,0.0032824425
68488,Trig 12,0.0023324508
68489,Trig 12,0.00036248306
68490,Trig 12,0.0024886054
68491,Trig 12,0.0018233914
68502,Trig 12,0.0030954042
68503,Trig 12,0.0016213227
68504,Trig 12,0.0027251556
68505,Trig 12,0.0008080087
68506,Trig 12,0.00078906544
68507,Trig 12,0.0006903415
68508,Trig 12,0.001041365
68509,Trig 12,0.0008738539
68510,Trig 12,0.0021819856
68511,Trig 12,0.00034714153
68518,Trig 12,0.0003561028
68519,Trig 12,0.002148727
68520,Trig 12,0.001695185
68521,Trig 12,0.0016393617
68522,Trig 12,0.0027528526
68523,Trig 12,0.0020881766
68529,Trig 12,0.00045116353
68531,Trig 12,0.003225405
68532,Trig 12,0.0031257665
68533,Trig 12,0.0010278712
68534,Trig 12,0.0017293061
68535,Trig 12,0.0008927077
68536,Trig 12,0.0015586043
68550,Trig 12,0.0005863289
68580,Trig 12,1.0311354e-05
68581,Trig 12,3.8450355e-05
68584,Trig 12,4.0003633e-05
68589,Trig 12,0.0004212165
68591,Trig 12,0.00025577596
68604,Trig 14,0.0017079628
68606,Trig 14,0.0010061774
68607,Trig 14,0.00027159377
68608,Trig 14,0.0019272213
68610,Trig 14,0.0020090982
68612,Trig 14,0.0016816081
68618,Trig 14,0.0003545797
68626,Trig 12,0.0030453368
68627,Trig 12,0.0033011513
68629,Trig 12,0.0025922551
68631,Trig 12,0.0020606483
68632,Trig 12,0.0010113268
68633,Trig 12,0.0010584249
68715,Trig 12,0.002345854
68726,Trig 12,0.0014395603
68727,Trig 12,0.00079106225
68728,Trig 12,0.00024876944
68729,Trig 12,0.0006644041
68730,Trig 12,0.0022177252
68731,Trig 12,0.00022313725
68732,Trig 12,0.0012344273
68742,Trig 12,0.0022666047
68743,Trig 12,0.001806321
68744,Trig 12,0.00091151445
68745,Trig 12,0.0012122032
68746,Trig 12,0.0006619646
68748,Trig 12,0.00059531146
68749,Trig 12,0.0016664637
68750,Trig 12,0.001501284
68883,Trig 12,0.0018683645
68884,Trig 12,0.0022423035
68885,Trig 12,0.002357171
68886,Trig 12,0.0020082458
68887,Trig 12,0.0019617805
68889,Trig 12,0.00045764644
68890,Trig 12,0.0003004946
68893,Trig 12,0.00040970367
68899,Trig 12,0.001840314
68900,Trig 12,0.00055865984
68903,Trig 12,0.0023529571
68904,Trig 12,0.0016806041
68905,Trig 12,0.0018540507
68906,Trig 12,0.000417682
68907,Trig 12,0.0004812701
68918,Trig 12,0.0028010376
68926,Trig 12,0.0014283726
68927,Trig 12,0.0027540536
68928,Trig 12,0.00036683268
68929,Trig 12,0.0018282802
68930,Trig 12,0.0019774658
68943,Trig 12,0.0005281893
68945,Trig 12,0.0032053315
68946,Trig 12,0.002252323
68948,Trig 12,0.0023716
68953,Trig 12,0.0020955426
68954,Trig 12,0.0019705347
68956,Trig 12,0.00023172644
68957,Trig 12,0.0004974887
68963,Trig 12,0.0035542839
68968,Trig 12,0.0019676303
68969,Trig 12,0.0012647024
68970,Trig 12,0.0030781191
68973,Trig 12,0.0026395796
68974,Trig 12,0.0023853579
68975,Trig 12,0.0023323537
68976,Trig 12,0.0012238189
68979,Trig 12,0.00154056
68983,Trig 12,0.0018148145
68987,Trig 12,0.0023334366
68991,Trig 12,0.002026655
68992,Trig 12,0.0006845815
68993,Trig 12,0.00096838654
68996,Trig 12,0.00089212
68999,Trig 12,0.0031180945
69000,Trig 12,0.0023508016
69001,Trig 12,0.0012466043
69002,Trig 12,0.0022457973
69003,Trig 12,0.0021298004
69004,Trig 12,0.0013165626
69006,Trig 12,0.0016026367
69007,Trig 12,0.0034454651
69008,Trig 12,0.0020076819
69009,Trig 12,0.0027181297
69010,Trig 12,0.002455079
69011,Trig 12,0.0023050127
69013,Trig 12,0.00022407716
69014,Trig 12,0.0008089819
69016,Trig 12,0.0009636757
69017,Trig 12,0.0004415806
69018,Trig 12,0.002751621
69019,Trig 12,0.0017942952
69020,Trig 12,0.0026651327
69021,Trig 12,0.0022708597
69022,Trig 12,0.0022374855
69023,Trig 12,0.0014926433
69024,Trig 12,0.0002685223
69028,Trig 12,0.0010013636
69030,Trig 12,0.00026399162
69031,Trig 12,0.0028606527
69032,Trig 12,0.002477383
69033,Trig 12,0.00077825243
69034,Trig 12,0.0011397481
69035,Trig 12,0.0018197204
69036,Trig 12,0.0010095581
69038,Trig 12,0.000733448
69039,Trig 12,0.0024730724
69041,Trig 12,0.0013128176
69043,Trig 12,0.0016954403
69046,Trig 12,0.0015772799
69047,Trig 12,0.0005601909
69048,Trig 12,0.0013631908
69049,Trig 12,0.0027275113
69050,Trig 12,0.0024225013
69051,Trig 12,0.0023283786
69052,Trig 12,0.0018799951
69070,Trig 12,0.00096523494
69071,Trig 12,0.00039108095
69072,Trig 12,0.00085120986
69073,Trig 12,0.0030489964
69074,Trig 12,0.001752129
69075,Trig 12,0.00054175826
69076,Trig 12,0.002357727
69077,Trig 12,0.0022657244
69078,Trig 12,0.0011916588
69083,Trig 12,0.00023182179
69095,Trig 12,0.00045704158
69096,Trig 12,0.0011445904
69097,Trig 12,0.002632579
69098,Trig 12,0.0016051377
69099,Trig 12,0.0008208612
69100,Trig 12,0.0023072436
69101,Trig 12,0.0014907971
69102,Trig 12,0.0007024656
69105,Trig 12,0.00033700935
69106,Trig 12,0.00048631374
69128,Trig 12,0.00095975393
69129,Trig 12,0.0010308666
69130,Trig 12,0.0026136197
69131,Trig 12,0.0008623231
69133,Trig 12,0.00030124668
69134,Trig 12,0.0003090669
69135,Trig 12,0.0027151243
69136,Trig 12,0.0025082976
69137,Trig 12,0.002136529
69272,Trig 12,0.002835072
69273,Trig 12,0.003073633
69274,Trig 12,0.0025906335
69276,Trig 12,0.0019942056
69277,Trig 12,0.0017056606
69279,Trig 12,0.003689268
69280,Trig 12,0.0004543107
69282,Trig 12,0.002668358
69283,Trig 12,0.0011689225
69284,Trig 12,0.0021813808
69285,Trig 12,0.0020723806
69286,Trig 12,0.001319107
69289,Trig 12,0.00359374
69291,Trig 12,0.0028846425
69292,Trig 12,0.002513003
69293,Trig 12,0.0022311262
69294,Trig 12,0.00017520905
69295,Trig 12,0.0001762454
69296,Trig 12,0.001987174
69302,Trig 12,0.003909717
69303,Trig 12,0.0031720172
69304,Trig 12,0.0009963178
69305,Trig 12,0.0007520658
69306,Trig 12,0.0011803238
69309,Trig 12,0.0034990073
69310,Trig 12,0.0014469149
69311,Trig 12,0.0029994082
69312,Trig 12,0.0027049985
69313,Trig 12,0.00037926406
69316,Trig 12,0.0011830118
69318,Trig 12,0.003154077
69319,Trig 12,0.0027243132
69323,Trig 12,0.0035087874
69324,Trig 12,0.002843626
69326,Trig 12,0.0013696109
69328,Trig 12,0.0034210454
69329,Trig 12,0.0019659514
69330,Trig 12,0.0012257404
69331,Trig 12,0.0005040477
69332,Trig 12,0.0011753918
69339,Trig 12,0.0014727986
69342,Trig 12,0.0030634855
69343,Trig 12,0.0023713175
69344,Trig 12,0.0026910708
69345,Trig 12,0.0025862702
69346,Trig 12,0.0014960773
69348,Trig 12,0.0032855943
69349,Trig 12,0.001367641
69350,Trig 12,0.0027361533
69351,Trig 12,0.0011089677
69352,Trig 12,0.0014462698
69353,Trig 12,0.0025139512
69355,Trig 12,0.0024366614
69356,Trig 12,0.002358388
69357,Trig 12,0.0004967089
69376,Trig 12,0.0006769613
69377,Trig 12,0.00048305423
69382,Trig 12,0.0013958177
69383,Trig 12,0.00032689562
69385,Trig 12,0.002966463
69387,Trig 12,0.0009868898
69390,Trig 12,0.0008938186
69392,Trig 12,0.0027457268
69393,Trig 12,0.0024228853
69394,Trig 12,0.0022107484
69395,Trig 12,0.0002485555
69396,Trig 12,0.0014816296
69397,Trig 12,0.0020134423
69398,Trig 12,0.0018300619
69404,Trig 12,0.00092958676
69405,Trig 12,0.0003948433
69406,Trig 12,0.0028231442
69413,Trig 12,0.00030133413
69417,Trig 12,0.00081089785
69418,Trig 12,0.003648504
69420,Trig 12,0.0023192596
69421,Trig 12,0.0006684974
69422,Trig 12,0.002622616
69423,Trig 12,0.00093669933
69424,Trig 12,0.0019216939
69430,Trig 12,0.0036845626
69433,Trig 12,0.00057219184
69539,Trig 12,0.0036102764
69540,Trig 12,0.00033523687
69541,Trig 12,0.0013686483
69542,Trig 12,0.00029542646
69545,Trig 12,0.0013983371
69546,Trig 12,0.00025963457
69550,Trig 12,0.00071601
69551,Trig 12,0.00028700472
69552,Trig 12,0.0008910523
69562,Trig 12,0.0005361243
69564,Trig 12,0.0006812348
69565,Trig 12,0.0044261427
69566,Trig 12,0.003713736
69567,Trig 12,0.0013838861
69568,Trig 12,0.0029412038
69573,Trig 12,0.0007103032
69574,Trig 12,0.00083724153
69576,Trig 12,0.0035229116
69577,Trig 12,0.00134046
69578,Trig 12,0.0021733255
69579,Trig 12,0.0016787568
69580,Trig 12,0.0013288251
69581,Trig 12,0.00019931627
69582,Trig 12,0.00026645986
69583,Trig 12,0.0006754638
69584,Trig 12,0.00081068353
69588,Trig 12,0.0007094593
69604,Trig 12,0.004058269
69605,Trig 12,0.0035597973
69607,Trig 12,0.0029294642
69608,Trig 12,0.0023947323
69609,Trig 12,0.00033608713
69610,Trig 12,0.0019071558
69611,Trig 12,0.00028545997
69613,Trig 12,0.0011136961
69614,Trig 12,0.0027336201
69615,Trig 12,0.0033322512
69616,Trig 12,0.002502496
69617,Trig 12,0.0019240341
69618,Trig 12,0.0016681287
69619,Trig 12,0.001124545
69621,Trig 12,0.00445452
69622,Trig 12,0.0034623332
69624,Trig 12,0.002747872
69625,Trig 12,0.0022633402
69626,Trig 12,0.001807262
69627,Trig 12,0.0010836682
69646,Trig 12,0.00078002375
69647,Trig 12,0.0047670477
69648,Trig 12,0.0039174855
69650,Trig 12,0.00061715033
69653,Trig 12,0.00047323498
69654,Trig 12,0.0028219773
69655,Trig 12,0.0020536021
69656,Trig 12,0.0009042019
69659,Trig 12,0.0011264492
69665,Trig 12,0.0005103637
69666,Trig 12,0.0019794286
69667,Trig 12,0.00085064047
69668,Trig 12,0.0034199462
69669,Trig 12,0.001011688
69697,Trig 12,0.0023954613
69698,Trig 12,0.0021848124
69700,Trig 12,0.0008736326
69704,Trig 12,0.0040273
69705,Trig 12,0.0016487039
69706,Trig 12,0.0032986894
69707,Trig 12,0.0028378475
69708,Trig 12,0.0023916431
69709,Trig 12,0.0019665689
69710,Trig 12,0.00021517187
69712,Trig 12,0.00092066714
69714,Trig 12,0.0032489917
69715,Trig 12,0.0015728055
69716,Trig 12,0.0027114218
69717,Trig 12,0.002504413
69718,Trig 12,0.00237824
69719,Trig 12,0.0022209077
69740,Trig 12,0.0006233145
69742,Trig 12,0.0005262115
69743,Trig 12,0.0043106084
69744,Trig 12,0.0006662179
69745,Trig 12,0.0013533626
69746,Trig 12,0.0029269713
69747,Trig 12,0.0016033361
69748,Trig 12,0.0020401373
69749,Trig 12,0.0014976515
69761,Trig 12,0.0042427415
69762,Trig 12,0.0037992452
69763,Trig 12,0.0013027319
69767,Trig 12,0.0043076137
69769,Trig 12,0.0033262877
69770,Trig 12,0.0025921282
69771,Trig 12,0.0005076126
69772,Trig 12,0.0022481377
69773,Trig 12,0.00071939663
69774,Trig 12,0.001469546
69797,Trig 12,0.004091746
69805,Trig 12,0.0026983712
69806,Trig 12,0.0010427076
69810,Trig 12,0.00049988175
69811,Trig 12,0.004466905
69812,Trig 12,0.0037898282
69813,Trig 12,0.0032424128
69814,Trig 12,0.002537893
69815,Trig 12,0.00215456
69817,Trig 12,0.00067704206
69820,Trig 12,0.0008668009
69821,Trig 12,0.0032400403
69822,Trig 12,0.0040831966
69823,Trig 12,0.0030757545
69824,Trig 12,0.002582936
69825,Trig 12,0.0006588823
71199,Trig 12,0.0026443019
71200,Trig 12,0.0019765869
71201,Trig 12,0.00037630502
71202,Trig 12,0.0008613131
71203,Trig 12,0.00026230267
71204,Trig 12,0.0002503444
71208,Trig 12,0.0011182867
71209,Trig 12,0.0042223963
71210,Trig 12,0.0012616935
71211,Trig 12,0.003580708
71212,Trig 12,0.00073517876
71213,Trig 12,0.0013561334
71214,Trig 12,0.002562761
71215,Trig 12,0.0022599606
71219,Trig 12,0.0019177793
71220,Trig 12,0.004153858
71221,Trig 12,0.0034956697
71222,Trig 12,0.001023589
71223,Trig 12,0.00022227831
71224,Trig 12,0.0024965375
71225,Trig 12,0.00088475365
71226,Trig 12,0.001222602
71249,Trig 12,0.002456444
71250,Trig 12,0.00038716555
71251,Trig 12,0.0038953046
71252,Trig 12,0.0033586929
71253,Trig 12,0.002802541
71254,Trig 12,0.0023561
71255,Trig 12,0.0002555914
71256,Trig 12,0.0014589438
71260,Trig 12,0.003879338
71263,Trig 12,0.0036298735
71269,Trig 12,0.0006662193
71270,Trig 12,0.0006185778
71276,Trig 12,0.0043663625
71277,Trig 12,0.003920492
71278,Trig 12,0.0010950945
71279,Trig 12,0.0012789887
71308,Trig 12,0.0040579815
71309,Trig 12,0.003470105
71310,Trig 12,0.0028631142
71312,Trig 12,0.0012885131
71313,Trig 12,0.0023093775
71314,Trig 12,0.0021143167
71315,Trig 12,0.00077275425
71328,Trig 12,0.00048023026
71329,Trig 12,0.004413568
71330,Trig 12,0.00039007099
71331,Trig 12,0.0020290783
71332,Trig 12,0.0031288562
71334,Trig 12,0.0003349491
71335,Trig 12,0.001735422
71336,Trig 12,0.0027267693
71337,Trig 12,0.00045965528
71338,Trig 12,0.0039536073
71339,Trig 12,0.00044583174
71345,Trig 12,0.0044230376
71346,Trig 12,0.0039071045
71347,Trig 12,0.0017059513
71348,Trig 12,0.0005921883
71349,Trig 12,0.0009617912
71350,Trig 12,0.0027673948
71351,Trig 12,0.0025668757
71352,Trig 12,0.00069503713
71360,Trig 12,0.0021598493
71362,Trig 12,0.0019813995
71363,Trig 12,0.0037655148
71364,Trig 12,0.0032449265
71365,Trig 12,0.0027978425
71366,Trig 12,0.0025656756
71367,Trig 12,0.001434573
71368,Trig 12,0.00222286
71369,Trig 12,0.0020409487
71370,Trig 12,0.00092354836
71371,Trig 12,0.0017852588
71378,Trig 12,0.0045405277
71379,Trig 12,0.004057843
71380,Trig 12,0.003381701
71389,Trig 12,0.00072643295
71390,Trig 12,0.0016121997
71391,Trig 12,0.003975334
71392,Trig 12,0.0036700214
71393,Trig 12,0.003165165
71394,Trig 12,0.0027899903
71395,Trig 12,0.0025744676
71403,Trig 12,0.004498288
71404,Trig 12,0.002212965
71405,Trig 12,0.003597461
71406,Trig 12,0.0030627993
71407,Trig 12,0.0026714045
71409,Trig 12,0.0022576659
71415,Trig 12,0.0022354587
71416,Trig 12,0.0041968925
71417,Trig 12,0.0033504788
71418,Trig 12,0.0007247345
71419,Trig 12,0.003009008
71420,Trig 12,0.0027538557
71437,Trig 12,0.0013206834
71439,Trig 12,0.0038287677
71440,Trig 12,0.0033217077
71441,Trig 12,0.0007456515
71442,Trig 12,0.0019957013
71443,Trig 12,0.0026847085
71444,Trig 12,0.00072335644
71454,Trig 12,0.00033050537
71455,Trig 12,0.0020997783
71456,Trig 12,0.003838057
71457,Trig 12,0.0032206404
71459,Trig 12,0.002703154
71460,Trig 12,0.0024534366
71461,Trig 12,0.0014240248
71467,Trig 12,0.004121262
71468,Trig 12,0.0019784644
71469,Trig 12,0.0020068868
71471,Trig 12,0.0028945198
71472,Trig 12,0.0014608154
71482,Trig 12,0.0013938008
71484,Trig 12,0.0039018379
71494,Trig 12,0.004001339
71495,Trig 12,0.0014406802
71496,Trig 12,0.004015952
71497,Trig 12,0.0007373134
71498,Trig 12,0.0006186809
71504,Trig 12,0.0043899086
71505,Trig 12,0.0005706815
71506,Trig 12,0.0036778385
71507,Trig 12,0.0031332558
71508,Trig 12,0.0022146304
71509,Trig 12,0.0024096882
71510,Trig 12,0.000666336
71511,Trig 12,0.0004553659
71520,Trig 12,0.0043135164
71576,Trig 12,0.0007641109
71578,Trig 12,0.0015239562
71579,Trig 12,0.001106165
71583,Trig 12,0.0029239606
71585,Trig 12,0.002459042
71591,Trig 12,0.00091794896
71592,Trig 12,0.0005158265
71593,Trig 12,0.0041958494
71594,Trig 12,0.0027346436
71595,Trig 12,0.0009231229
71596,Trig 12,0.0031657612
71597,Trig 12,0.0027845134
71598,Trig 12,0.0022441708
71599,Trig 12,0.0007924799
71610,Trig 12,0.0032093024
71617,Trig 12,0.000572401
71618,Trig 12,0.003394387
71620,Trig 12,0.00044399695
71621,Trig 12,0.0034901628
71622,Trig 12,0.00398441
71623,Trig 12,0.0010335959
71624,Trig 12,0.0031294737
71625,Trig 12,0.0026282032
71626,Trig 12,0.0020633012
71627,Trig 12,0.0012574152
71634,Trig 12,0.00082066853
71635,Trig 12,0.00083541695
71636,Trig 12,0.0027222175
71638,Trig 12,0.0036090573
71639,Trig 12,0.0031190752
71640,Trig 12,0.0015662885
71641,Trig 12,0.0022115586
71642,Trig 12,0.0017912714
71649,Trig 12,0.004366936
71650,Trig 12,0.003672482
71651,Trig 12,0.00086872315
71652,Trig 12,0.0016565442
71653,Trig 12,0.0026200826
71654,Trig 12,0.0022667856
71655,Trig 12,0.0014630365
71677,Trig 12,0.0012823056
71678,Trig 12,0.0026034315
71681,Trig 12,0.0019171964
71682,Trig 12,0.0019076646
71683,Trig 12,0.001577615
71684,Trig 12,0.0017426373
71685,Trig 12,0.0005177018
71691,Trig 12,0.0044429163
71693,Trig 12,0.0009528043
71694,Trig 12,0.0009793042
71695,Trig 12,0.0033398063
71696,Trig 12,0.0029375022
71697,Trig 12,0.002571484
71698,Trig 12,0.0013132337
71699,Trig 12,0.0007656143
71705,Trig 12,0.004365336
71706,Trig 12,0.0038231604
71707,Trig 12,0.0006965095
71709,Trig 12,0.0022502926
71710,Trig 12,0.0026508432
71712,Trig 12,0.0025778946
71713,Trig 12,0.00075878925
71719,Trig 12,0.0009239147
71720,Trig 12,0.0005554682
71721,Trig 12,0.0015161302
71722,Trig 12,0.0033944082
71723,Trig 12,0.0028358577
71726,Trig 12,0.0020638206
71727,Trig 12,0.001845477
71728,Trig 12,0.0012122751
71735,Trig 12,0.0007784089
71736,Trig 12,0.002028781
71737,Trig 12,0.0028023503
71738,Trig 12,0.0035929722
71739,Trig 12,0.0013351062
71740,Trig 12,0.0015530562
71741,Trig 12,0.0027673375
71742,Trig 12,0.002454273
71743,Trig 12,0.0022215957
71744,Trig 12,0.0020362877
71745,Trig 12,0.0019088287
71746,Trig 12,0.0013260603
71751,Trig 12,0.00059609493
71754,Trig 12,0.0004721316
71758,Trig 12,0.0005717214
71760,Trig 12,0.0011979212
71762,Trig 12,0.0039607217
71764,Trig 12,0.0019096386
71770,Trig 12,0.0005722199
71771,Trig 12,0.0043042162
71775,Trig 12,0.00058191066
71776,Trig 12,0.0034217157
71777,Trig 12,0.0027475215
71778,Trig 12,0.0022292992
71796,Trig 12,0.0042281533
71797,Trig 12,0.0038569453
71798,Trig 12,0.003355755
71801,Trig 12,0.0025847882
71811,Trig 12,0.00045242047
71812,Trig 12,0.00397178
71813,Trig 12,0.0005533142
71814,Trig 12,0.0038763569
71815,Trig 12,0.0019831732
71816,Trig 12,0.0030762574
71817,Trig 12,0.002645467
71818,Trig 12,0.0023695037
71825,Trig 12,0.00081910024
71827,Trig 12,0.00047523988
71828,Trig 12,0.0034095424
71829,Trig 12,0.0020711203
71830,Trig 12,0.0035999785
71832,Trig 12,0.003025311
71833,Trig 12,0.0020555863
71835,Trig 12,0.0019816998
71841,Trig 12,0.00047970365
71842,Trig 12,0.00056044356
71844,Trig 12,0.004210128
71846,Trig 12,0.0010647052
71850,Trig 12,0.00030415275
71851,Trig 12,0.0015695837
71852,Trig 12,0.0034597772
71853,Trig 12,0.0016429687
71859,Trig 12,0.0004771692
71860,Trig 12,0.00033693438
71861,Trig 12,0.0002227957
71862,Trig 12,0.0003248101
71863,Trig 12,0.00040894322
71864,Trig 12,0.0003878607
71865,Trig 12,0.00029840576
71897,Trig 12,0.00040767537
71898,Trig 12,0.0043390766
71899,Trig 12,0.0037643912
71900,Trig 12,0.00308621
71903,Trig 12,0.0015040456
71905,Trig 12,0.0020557954
71906,Trig 12,0.0018446483
71939,Trig 12,0.00087358936
71940,Trig 12,0.0038716234
71941,Trig 12,0.0033738657
71942,Trig 12,0.0028567978
71943,Trig 12,0.0023275847
71944,Trig 12,0.0020932
71945,Trig 12,0.00032879983
71952,Trig 12,0.0038476915
71953,Trig 12,0.003185901
71954,Trig 12,0.0028643783
71955,Trig 12,0.0025043755
71957,Trig 12,0.0016011749
71958,Trig 12,0.0010039664
71971,Trig 12,0.00037398137
71972,Trig 12,0.0011383622
71973,Trig 12,0.002436613
71974,Trig 12,0.0026495324
71975,Trig 12,0.001415483
71976,Trig 12,0.0021341725
71977,Trig 12,0.00090985245
71985,Trig 12,0.004133384
71986,Trig 12,0.0035783339
71987,Trig 12,0.0030344054
71988,Trig 12,0.0024791053
71989,Trig 12,0.002181491
71990,Trig 12,0.0010503683
71997,Trig 12,0.001558003
71999,Trig 12,0.00366586
72000,Trig 12,0.0030323172
72001,Trig 12,0.0016408719
72002,Trig 12,0.0022323886
72003,Trig 12,0.0014137459
72019,Trig 12,0.004073057
72020,Trig 12,0.0036520613
72021,Trig 12,0.0030128276
72022,Trig 12,0.00094106834
72036,Trig 12,0.0040221196
72037,Trig 12,0.0035443157
72038,Trig 12,0.003057603
72039,Trig 12,0.0005282811
72041,Trig 12,0.002369607
72042,Trig 12,0.0020419145
72043,Trig 12,0.000514864
72050,Trig 12,0.00072110957
72051,Trig 12,0.003706235
72052,Trig 12,0.0019353579
72053,Trig 12,0.0028222608
72056,Trig 12,0.000514323
72058,Trig 12,0.002162444
72059,Trig 12,0.00064047996
72060,Trig 12,0.0021175405
72069,Trig 12,0.0006504902
72070,Trig 12,0.002217977
72082,Trig 12,0.00042277735
72085,Trig 12,0.0014053206
72086,Trig 12,0.003372365
72087,Trig 12,0.0008410447
72088,Trig 12,0.00064750854
72089,Trig 12,0.0022829187
72090,Trig 12,0.0020880979
72091,Trig 12,0.0008306542
72097,Trig 12,0.0005824536
72098,Trig 12,0.002353877
72099,Trig 12,0.0037915732
72100,Trig 12,0.0009632637
72101,Trig 12,0.0029936242
72102,Trig 12,0.00030138346
72103,Trig 12,0.0005993477
72112,Trig 12,0.0019960257
72113,Trig 12,0.00024631672
72120,Trig 12,0.00045793963
72121,Trig 12,0.0008364144
72122,Trig 12,0.0020162899
72123,Trig 12,0.0009495386
72124,Trig 12,0.00034428702
72127,Trig 12,0.0014905039
72133,Trig 12,0.0013748137
72134,Trig 12,0.0011810046
72135,Trig 12,0.0007859413
72136,Trig 12,0.00061989576
72137,Trig 12,0.003360593
72138,Trig 12,0.00084723305
72139,Trig 12,0.0026148711
72140,Trig 12,0.0023058497
72141,Trig 12,0.0020087275
72145,Trig 12,0.00070955436
72146,Trig 12,0.00082002935
72148,Trig 12,0.0033500905
72149,Trig 12,0.002843877
72151,Trig 12,0.0016445109
72152,Trig 12,0.002174561
72153,Trig 12,0.00045284617
72154,Trig 12,0.0007697192
72164,Trig 12,0.00080322643
72165,Trig 12,0.0010294529
72166,Trig 12,0.0035122992
72167,Trig 12,0.0026557914
72168,Trig 12,0.00053552835
72169,Trig 12,0.00084901886
72170,Trig 12,0.002590745
72171,Trig 12,0.0011766044
72172,Trig 12,0.0018285341
72179,Trig 12,0.003252743
72180,Trig 12,0.0029313513
72181,Trig 12,0.00045017526
72199,Trig 12,0.002949602
72200,Trig 12,0.0013978075
72206,Trig 12,0.0039370107
72207,Trig 12,0.0034410711
72208,Trig 12,0.0029150993
72209,Trig 12,0.0026104278
72210,Trig 12,0.0021420985
72212,Trig 12,0.001073009
72218,Trig 12,0.00065483537
72220,Trig 12,0.003987264
72221,Trig 12,0.00032912492
72222,Trig 12,0.001043677
72223,Trig 12,0.0033602153
72224,Trig 12,0.002727431
72225,Trig 12,0.0018374949
72227,Trig 12,0.0022191824
72228,Trig 12,0.00030886795
72235,Trig 12,0.0005772091
72236,Trig 12,0.003652954
72237,Trig 12,0.00042929078
72238,Trig 12,0.0027517795
72239,Trig 12,0.0022743254
72240,Trig 12,0.0020607098
72241,Trig 12,0.0012734827
72271,Trig 12,0.00033835595
72272,Trig 12,0.0015228996
72273,Trig 12,0.0016716147
72274,Trig 12,0.0026932906
72277,Trig 12,0.0005192382
72278,Trig 12,0.0030886182
72279,Trig 12,0.0035073601
72280,Trig 12,0.0014479896
72281,Trig 12,0.0011910684
72282,Trig 12,0.0014657974
72284,Trig 12,0.0023824694
72285,Trig 12,0.0016990317
72286,Trig 12,0.0013429049
72292,Trig 12,0.004654074
72299,Trig 12,0.0013604934
72300,Trig 12,0.0030115782
72301,Trig 12,0.0023447522
72302,Trig 12,0.0005796507
72303,Trig 12,0.0005226246
72309,Trig 12,0.000502169
72310,Trig 12,0.0022351858
72311,Trig 12,0.0037564102
72312,Trig 12,0.0028144044
72313,Trig 12,0.0006941808
72314,Trig 12,0.0026743733
72316,Trig 12,0.0011803779
72368,Trig 12,0.0016449168
72369,Trig 12,0.0032485677
72370,Trig 12,0.0013939737
72371,Trig 12,0.0025446885
72372,Trig 12,0.002156837
72373,Trig 12,0.0011270158
72374,Trig 12,0.002036861
72375,Trig 12,0.00029399953
72383,Trig 12,0.0039576027
72384,Trig 12,0.0032808909
72386,Trig 12,0.0008483861
72387,Trig 12,0.0017148061
72388,Trig 12,0.0013803467
72389,Trig 12,0.0015096877
72390,Trig 12,0.0014801093
72391,Trig 12,0.00060545316
72392,Trig 12,0.001152581
72399,Trig 12,0.0010931033
72400,Trig 12,0.00078972214
72401,Trig 12,0.0031333202
72404,Trig 12,0.0008629954
72406,Trig 12,0.00035330706
72408,Trig 12,0.0014945719
72409,Trig 12,0.0020569945
72410,Trig 12,0.0017857123
72411,Trig 12,0.0013454714
72418,Trig 12,0.0014216135
72419,Trig 12,0.0016624717
72420,Trig 12,0.0020584005
72421,Trig 12,0.0020730065
72422,Trig 12,0.0030775135
72423,Trig 12,0.0024875724
72425,Trig 12,0.00059794897
72426,Trig 12,0.0020005223
72427,Trig 12,0.0008643615
72434,Trig 12,0.003975239
72435,Trig 12,0.0013182678
72438,Trig 12,0.0032077346
72439,Trig 12,0.001159754
72440,Trig 12,0.0035120668
72441,Trig 12,0.0006316651
72442,Trig 12,0.0027803632
72443,Trig 12,0.002424869
72444,Trig 12,0.0013102521
72445,Trig 12,0.0022081737
72446,Trig 12,0.0015389461
72461,Trig 12,0.000474599
72462,Trig 12,0.004106445
72463,Trig 12,0.0037054403
72464,Trig 12,0.0031987042
72465,Trig 12,0.0026363484
72466,Trig 12,0.0023590624
72467,Trig 12,0.001234084
72473,Trig 12,0.0006973677
72476,Trig 12,0.00015975269
72478,Trig 12,0.0038581286
72479,Trig 12,0.001374332
72480,Trig 12,0.0028881389
72487,Trig 12,0.00048120445
72488,Trig 12,0.0005193234
72490,Trig 12,0.00086761924
72491,Trig 12,0.0010228908
72492,Trig 12,0.00384365
72493,Trig 12,0.0031567733
72494,Trig 12,0.0028617824
72495,Trig 12,0.00039458048
72496,Trig 12,0.0024781877
72497,Trig 12,0.0015961606
72504,Trig 12,0.002711514
72505,Trig 12,0.00372991
72506,Trig 12,0.0019776325
72507,Trig 12,0.00040759327
72508,Trig 12,0.002991574
72509,Trig 12,0.0025490627
72510,Trig 12,0.0024468962
72512,Trig 12,0.0006898003
72522,Trig 12,0.00080439245
72524,Trig 12,0.0034347363
72525,Trig 12,0.0030609956
72526,Trig 12,0.0026872815
72528,Trig 12,0.0023605132
72529,Trig 12,0.0011024942
72532,Trig 12,0.0005757326
72533,Trig 12,0.0038637456
72534,Trig 12,0.0007956027
72535,Trig 12,0.0034454362
72546,Trig 12,0.0010071212
72547,Trig 12,0.003948939
72548,Trig 12,0.0016092223
72550,Trig 12,0.0033188057
72551,Trig 12,0.0028340612
72552,Trig 12,0.0026298887
72553,Trig 12,0.0020587854
72567,Trig 12,0.00059894857
72569,Trig 12,0.004056094
72570,Trig 12,0.00102587
72571,Trig 12,0.00050570065
72573,Trig 12,0.00063869846
72574,Trig 12,0.0032510883
72575,Trig 12,0.0028620341
72576,Trig 12,0.00088373834
72577,Trig 12,0.0007656833
72578,Trig 12,0.00020346158
72580,Trig 12,0.00039685308
72581,Trig 12,0.00072377955
72582,Trig 12,0.0005416499
72588,Trig 12,0.0042180195
72589,Trig 12,0.0034663652
72590,Trig 12,0.0030002876
72591,Trig 12,0.0027705636
72592,Trig 12,0.0024536243
72593,Trig 12,0.0016311831
72601,Trig 12,0.004082812
72602,Trig 12,0.0018838494
72603,Trig 12,0.0032389157
72604,Trig 12,0.002795599
72605,Trig 12,0.0013464245
72606,Trig 12,0.0025497887
72607,Trig 12,0.0014434392
72621,Trig 12,0.0010221306
72622,Trig 12,0.0038667077
72623,Trig 12,0.0032038973
72624,Trig 12,0.002490921
72625,Trig 12,0.0004452718
72626,Trig 12,0.0003438469
72627,Trig 12,0.00082686025
72628,Trig 12,0.001275276
72629,Trig 12,0.0024630195
72630,Trig 12,0.00061571726
72637,Trig 12,0.00055086386
72638,Trig 12,0.0014915555
72639,Trig 12,0.0037098723
72640,Trig 12,0.003409477
72641,Trig 12,0.002730306
72642,Trig 12,0.0026340277
72643,Trig 12,0.0025913098
72644,Trig 12,0.000525799
72653,Trig 12,0.00049310597
72654,Trig 12,0.0038711738
72655,Trig 12,0.0007665296
72664,Trig 12,0.0013299028
72665,Trig 12,0.002738614
72669,Trig 12,0.0022792148
72677,Trig 12,0.0040473444
72678,Trig 12,0.0035974942
72691,Trig 12,0.000102497
72692,Trig 12,0.0031231823
72693,Trig 12,0.00036893357
72696,Trig 12,0.0022189268
72697,Trig 12,0.00045649032
72698,Trig 12,0.0006040253
72699,Trig 12,0.0007561626
72703,Trig 12,0.0023317414
72709,Trig 12,0.0005967406
72710,Trig 12,0.0039913165
72712,Trig 12,0.0023901458
72713,Trig 12,0.0011846646
72714,Trig 12,0.0020793488
72715,Trig 12,0.0011744065
72721,Trig 12,0.00054827373
72722,Trig 12,0.00087543187
72723,Trig 12,0.0038280936
72724,Trig 12,0.0019083422
72725,Trig 12,0.003141132
72726,Trig 12,0.0028199158
72764,Trig 12,0.0011811483
72769,Trig 12,0.0026295038
72770,Trig 12,0.00034155254
72772,Trig 12,0.0012772543
72773,Trig 12,0.002806488
72774,Trig 12,0.000626258
72775,Trig 12,0.0026975907
72776,Trig 12,0.0008239001
72794,Trig 12,0.0010933486
72796,Trig 12,0.0024985543
72797,Trig 12,0.0010313577
72823,Trig 12,0.003889753
72824,Trig 12,0.0031354972
72829,Trig 12,0.0005088653
72830,Trig 12,0.0035995443
72831,Trig 12,0.003148124
72835,Trig 12,0.00022570399
72838,Trig 12,0.0006421945
72839,Trig 12,0.0015410524
72840,Trig 12,0.0005679899
72855,Trig 12,0.00026083743
72861,Trig 12,0.0006085656
72862,Trig 12,0.0006197527
72863,Trig 12,0.002713976
72864,Trig 12,0.0018571375
72865,Trig 12,0.0010288226
72866,Trig 12,0.0020592771
72867,Trig 12,0.0029663432
72868,Trig 12,0.0025771116
72869,Trig 12,0.0008531201
72870,Trig 12,0.0022277185
72878,Trig 12,0.0009008958
72884,Trig 12,0.0038135387
72885,Trig 12,0.0032052086
72888,Trig 12,0.0023747613
72889,Trig 12,0.0038035978
72890,Trig 12,0.0003139102
72891,Trig 12,0.002319558
72892,Trig 12,0.0009247863
72894,Trig 12,0.00042075646
72907,Trig 12,0.00055860245
72908,Trig 12,0.00047654266
72909,Trig 12,0.0036258271
72910,Trig 12,0.0024446445
72911,Trig 12,0.0004970552
72912,Trig 12,0.0019657589
72913,Trig 12,0.0010400885
72919,Trig 12,0.00055083475
72921,Trig 12,0.003727785
72922,Trig 12,0.00027372612
72923,Trig 12,0.00070264726
72924,Trig 12,0.0024571882
72926,Trig 12,0.0019918808
72927,Trig 12,0.0015205805
72934,Trig 12,0.0018686701
72935,Trig 12,0.0033843715
72936,Trig 12,0.0018516722
72937,Trig 12,0.0006698199
72938,Trig 12,0.00026328527
72939,Trig 12,0.0022475116
72942,Trig 12,0.0011550551
72948,Trig 12,0.00042896997
72949,Trig 12,0.0039635776
72950,Trig 12,0.00023478083
72951,Trig 12,0.0016695514
72952,Trig 12,0.0020998335
72953,Trig 12,0.00023043832
72954,Trig 12,0.001033857
72955,Trig 12,0.00251981
72961,Trig 12,0.002695337
72964,Trig 12,0.0005959793
72965,Trig 12,0.0027184263
72967,Trig 12,0.0026632044
72968,Trig 12,0.0011875922
72969,Trig 12,0.0012934381
72972,Trig 12,0.0040452657
72973,Trig 12,0.0030239988
72974,Trig 12,0.0012032909
72975,Trig 12,0.0027528717
72976,Trig 12,0.0025797442
72977,Trig 12,0.0022547224
72978,Trig 12,0.0005812544
72979,Trig 12,0.000266707
72985,Trig 12,0.0006233539
72986,Trig 12,0.00051994115
72988,Trig 12,0.0020163707
72989,Trig 12,0.0010967935
72990,Trig 12,0.0032273058
72991,Trig 12,0.0029795351
72993,Trig 12,0.0025457244
72994,Trig 12,0.0012163686
72995,Trig 12,0.0009196497
73001,Trig 12,0.00045200047
73002,Trig 12,0.0018022412
73003,Trig 12,0.002625839
73004,Trig 12,0.0035611135
73005,Trig 12,0.0031185122
73006,Trig 12,0.001637537
73007,Trig 12,0.002304027
73038,Trig 12,0.0031287726
73040,Trig 12,0.0026155522
73041,Trig 12,0.0023165306
73042,Trig 12,0.00078147557
73043,Trig 12,0.00016335769
73052,Trig 12,9.783918e-05
73054,Trig 12,0.0005290926
73055,Trig 12,0.00043774446
73056,Trig 12,0.0026979798
73057,Trig 12,0.003037268
73058,Trig 12,0.0026709079
73059,Trig 12,0.001005009
73060,Trig 12,0.0023504244
73061,Trig 12,6.110484e-05
73816,Trig 12,0.0017049754
73817,Trig 12,0.00035590527
73818,Trig 12,0.0014309161
73820,Trig 12,0.0024927405
73821,Trig 12,0.0024508105
73822,Trig 12,0.0019996373
73823,Trig 12,0.002152559
73824,Trig 12,0.0020098756
73825,Trig 12,0.0013309572
73831,Trig 12,0.0006355333
73833,Trig 12,0.00070007384
73834,Trig 12,0.002769867
73839,Trig 12,0.002074013
73840,Trig 12,0.0024424791
73841,Trig 12,0.001959822
73847,Trig 12,0.0035869728
73848,Trig 12,0.0007573792
73849,Trig 12,0.0017713711
73850,Trig 12,0.0006081624
73851,Trig 12,0.00044914894
73852,Trig 12,0.0026921362
73853,Trig 12,0.0008491387
73856,Trig 12,0.0024605666
73857,Trig 12,0.0014949562
73892,Trig 12,0.0007177653
73893,Trig 12,0.0012808191
73894,Trig 12,0.000992378
73895,Trig 12,0.0026898053
73897,Trig 12,0.002603635
73898,Trig 12,0.00097593735
73899,Trig 12,0.0016232766
73900,Trig 12,0.0017633445
73906,Trig 12,0.003147717
73907,Trig 12,0.00369738
73908,Trig 12,0.0013391316
73909,Trig 12,0.0008825833
73910,Trig 12,0.002203929
73912,Trig 12,0.002557798
73913,Trig 12,0.0023343568
73921,Trig 12,0.0011366535
73923,Trig 12,0.00032003602
73924,Trig 12,0.0033856044
73925,Trig 12,0.0029224039
73926,Trig 12,0.0017559051
73927,Trig 12,0.0025043164
73928,Trig 12,0.0022941628
73935,Trig 12,0.002217702
73936,Trig 12,0.0005527013
73937,Trig 12,0.003637549
73938,Trig 12,0.0006335745
73939,Trig 12,0.0029763023
73941,Trig 12,0.00065258803
73942,Trig 12,0.0025259438
73943,Trig 12,0.00063552696
73953,Trig 12,0.0013996953
73954,Trig 12,0.0005718352
73955,Trig 12,0.003342366
73957,Trig 12,0.0029303858
73958,Trig 12,0.002692887
73959,Trig 12,0.0016709798
73961,Trig 12,0.0038708951
73962,Trig 12,0.0012810595
73963,Trig 12,0.00318913
73964,Trig 12,0.0016904986
73965,Trig 12,0.0028166778
73968,Trig 12,0.0007482945
73978,Trig 12,0.0043860283
73979,Trig 12,0.0028249444
73980,Trig 12,0.00039536355
73981,Trig 12,0.0013063226
73982,Trig 12,0.0030782584
73983,Trig 12,0.0028080551
73984,Trig 12,0.002601097
73985,Trig 12,0.00078053423
73994,Trig 12,0.0040276973
74001,Trig 12,0.0026013358
74011,Trig 12,0.00021189913
74036,Trig 12,0.00191259
74037,Trig 12,0.0006025986
74038,Trig 12,0.0013279011
74039,Trig 12,0.0016167589
74040,Trig 12,0.00041994685
74041,Trig 12,0.000466978
74050,Trig 12,0.00026554396
74051,Trig 12,0.0015081455
74052,Trig 12,0.0022564519
74053,Trig 12,0.00046319794
74059,Trig 12,0.0014668638
74060,Trig 12,0.0039383965
74061,Trig 12,0.0037940303
74062,Trig 12,0.0033098678
74063,Trig 12,0.0027987089
74064,Trig 12,0.0026089784
74065,Trig 12,0.0016202722
74066,Trig 12,0.00035232148
74068,Trig 12,0.0038930615
74069,Trig 12,0.0011421553
74071,Trig 12,0.0004053884
74072,Trig 12,0.002228869
74073,Trig 12,0.002608984
74074,Trig 12,0.0015026395
74078,Trig 12,0.0010171633
74083,Trig 12,0.00047964786
74084,Trig 12,0.00015721109
74085,Trig 12,0.002959669
74086,Trig 12,0.0026249094
74088,Trig 12,0.002222602
74101,Trig 12,0.004205955
74102,Trig 12,0.0036215473
74103,Trig 12,0.0003139902
74104,Trig 12,0.00095527276
74112,Trig 12,0.0015595565
74113,Trig 12,0.0034506402
74114,Trig 12,0.002054901
74115,Trig 12,0.00035906088
74116,Trig 12,0.0025272283
74117,Trig 12,0.0009335595
74118,Trig 12,0.0005537152
74124,Trig 12,0.0040910975
74125,Trig 12,0.0019714443
74126,Trig 12,0.0027104523
74127,Trig 12,0.0016868508
74128,Trig 12,0.0028235754
74131,Trig 12,0.002375895
74134,Trig 12,0.00029660878
74149,Trig 12,0.0034273616
74150,Trig 12,0.0005855185
74151,Trig 12,0.0031365827
74155,Trig 12,0.0006790144
74156,Trig 12,0.00045779772
74157,Trig 12,0.00042276
74188,Trig 12,0.0026381128
74191,Trig 12,0.0026851664
74192,Trig 12,0.0019479753
74193,Trig 12,0.00049777277
74196,Trig 12,0.00026136465
74204,Trig 12,0.00013745509
74205,Trig 12,0.0016711107
74206,Trig 12,0.001626408
74207,Trig 12,0.001036715
74208,Trig 12,0.00054792
74209,Trig 12,0.0029285182
74228,Trig 12,0.0042306622
74230,Trig 12,0.0020605675
74231,Trig 12,0.003270762
74233,Trig 12,0.0018171667
74234,Trig 12,0.0022990662
74242,Trig 12,0.00060478447
74243,Trig 12,0.0039854883
74244,Trig 12,0.0035277095
74246,Trig 12,0.0031593149
74247,Trig 12,0.0014538546
74248,Trig 12,0.0021972882
74249,Trig 12,0.0005023939
74276,Trig 12,0.0007653368
74279,Trig 12,0.0035812734
74280,Trig 12,0.0005329382
74281,Trig 12,0.002696397
74282,Trig 12,0.00063918164
74283,Trig 12,0.00042557387
74284,Trig 12,0.0028400784
74285,Trig 12,0.000652686
74286,Trig 12,0.0025802683
74293,Trig 12,0.00406822
74294,Trig 12,0.0035122926
74295,Trig 12,0.003146757
74296,Trig 12,0.002818202
74297,Trig 12,0.00041693248
74304,Trig 12,0.0006453068
74305,Trig 12,0.004412675
74306,Trig 12,0.003451652
74308,Trig 12,0.0009164991
74310,Trig 12,0.00037811667
74311,Trig 12,0.0025898037
74330,Trig 12,0.0017265363
74331,Trig 12,0.0026052708
74332,Trig 12,0.0005841628
74333,Trig 12,0.0031610772
74335,Trig 12,0.0028658402
74336,Trig 12,0.0025622814
74337,Trig 12,0.0014013508
74338,Trig 12,0.0015565582
74347,Trig 12,0.002891328
74348,Trig 12,0.002725271
74349,Trig 12,0.0008534436
74350,Trig 12,0.00028871032
74351,Trig 12,0.0020939878
74352,Trig 12,0.0010891119
74353,Trig 12,0.00075116317
74354,Trig 12,0.00034248893
74355,Trig 12,0.0010299315
74359,Trig 12,0.0004627255
74360,Trig 12,0.003842065
74361,Trig 12,0.0010181244
74363,Trig 12,0.0032800194
74364,Trig 12,0.0030360655
74365,Trig 12,0.0027021584
74366,Trig 12,0.0024349873
74372,Trig 12,0.0025112387
74373,Trig 12,0.0040670503
74374,Trig 12,0.0012028585
74375,Trig 12,0.0011311504
74376,Trig 12,0.002939692
74377,Trig 12,0.0025998666
74378,Trig 12,0.0010926226
74384,Trig 12,0.0026151142
74385,Trig 12,0.0031936055
74386,Trig 12,0.0024213446
74387,Trig 12,0.0009598328
74388,Trig 12,0.0027727683
74389,Trig 12,0.0024132447
74390,Trig 12,0.0006462957
74393,Trig 12,0.0007006045
74394,Trig 12,0.003980471
74395,Trig 12,0.0037975465
74396,Trig 12,0.0015079224
74397,Trig 12,0.0020311717
74398,Trig 12,0.0029131575
74399,Trig 12,0.0023727864
74400,Trig 12,0.0028180154
74401,Trig 12,0.0015481261
74409,Trig 12,0.004367741
74410,Trig 12,0.0033995965
74411,Trig 12,0.00092689786
74412,Trig 12,0.0017709562
74413,Trig 12,0.0024649387
74414,Trig 12,0.002541404
74415,Trig 12,0.00023553336
74416,Trig 12,0.0022432576
74417,Trig 12,0.0018584665
74432,Trig 12,0.003070005
74436,Trig 12,0.00065013976
74437,Trig 12,0.00047298736
74438,Trig 12,0.0005632415
74439,Trig 12,0.0003379611
74440,Trig 12,0.00026761924
74441,Trig 12,0.0022246672
74442,Trig 12,0.0027336597
74443,Trig 12,0.0023965908
74444,Trig 12,0.00243848
74445,Trig 12,0.0020627584
74446,Trig 12,0.0021218394
74447,Trig 12,0.0016186525
74448,Trig 12,0.0019682194
74449,Trig 12,0.0007763159
74450,Trig 12,0.0018145283
74451,Trig 12,0.0006874742
74467,Trig 12,1.9121126e-05
74468,Trig 12,0.002951116
74469,Trig 12,0.0033075507
74470,Trig 12,0.0026246342
74471,Trig 12,0.00080226094
74472,Trig 12,0.002438963
74474,Trig 12,0.00045184017
74482,Trig 12,0.0039766654
74484,Trig 12,0.0019282746
74485,Trig 12,0.00031323338
74488,Trig 12,0.00023871205
74489,Trig 12,0.0035389485
74490,Trig 12,0.0033499526
74491,Trig 12,0.002611854
74492,Trig 12,0.0025827282
74493,Trig 12,0.0014992608
74494,Trig 12,0.00023318407
74502,Trig 12,0.004006452
74503,Trig 12,0.0012447977
74504,Trig 12,0.0013907589
74505,Trig 12,0.0014954876
74506,Trig 12,0.003074029
74507,Trig 12,0.0011975949
74509,Trig 12,0.002565537
74510,Trig 12,0.0004473392
74516,Trig 12,0.0004393945
74517,Trig 12,0.0029572814
74518,Trig 12,0.00046498227
74519,Trig 12,0.00015404476
74522,Trig 12,0.0028747402
74523,Trig 12,0.002491396
74524,Trig 12,0.00071723043
74530,Trig 12,0.00042306833
74534,Trig 12,0.00028682497
74536,Trig 12,0.0015604852
74537,Trig 12,0.00041781118
74538,Trig 12,0.0024585065
74539,Trig 12,0.0012925295
74540,Trig 12,0.0005079412
74541,Trig 12,0.00030923449
74547,Trig 12,0.00051772076
74548,Trig 12,0.0042473627
74550,Trig 12,0.0034075421
74551,Trig 12,0.0032167186
74552,Trig 12,0.0018518439
74553,Trig 12,0.0009900352
74554,Trig 12,0.00041217048
74555,Trig 12,0.002573681
74564,Trig 12,0.0005987176
74565,Trig 12,0.0003140596
74567,Trig 12,0.0033960908
74568,Trig 12,0.0027899984
74569,Trig 12,0.0017285522
74570,Trig 12,0.00067437795
74571,Trig 12,0.00038506405
74572,Trig 12,0.0020835544
75143,Trig 12,0.0029527252
75144,Trig 12,0.0016548535
75159,Trig 12,0.00062153593
75162,Trig 12,0.0008312611
75163,Trig 12,0.00306529
75164,Trig 12,0.00090703764
75165,Trig 12,0.002756553
75166,Trig 12,0.0008694091
75168,Trig 12,0.0013808373
75170,Trig 12,0.0017569793
75183,Trig 12,0.0041907453
75184,Trig 12,0.0035217719
75185,Trig 12,0.0029827273
75186,Trig 12,0.0026159403
75188,Trig 12,0.0024009435
75189,Trig 12,0.0011596754
75218,Trig 12,0.0019994727
75219,Trig 12,0.0006914627
75220,Trig 12,0.003468047
75221,Trig 12,0.0034987351
75223,Trig 12,0.0012175898
75224,Trig 12,0.002488268
75225,Trig 12,0.0011358048
75238,Trig 12,0.0030349556
75239,Trig 12,0.0013258164
75240,Trig 12,0.00022457493
75241,Trig 12,0.002355242
75242,Trig 12,0.00055379345
75243,Trig 12,0.003009422
75244,Trig 12,0.0009846165
75245,Trig 12,0.0013633148
75246,Trig 12,0.0024613275
75247,Trig 12,0.0005898602
75254,Trig 12,0.00084162346
75255,Trig 12,0.00048708948
75256,Trig 12,0.0006528088
75299,Trig 12,0.0009204763
75300,Trig 12,0.00044417474
75302,Trig 12,0.00324742
75303,Trig 12,0.0023501897
75315,Trig 12,0.000484358
75316,Trig 12,0.004106328
75321,Trig 12,0.001075881
75335,Trig 12,0.0016810324
75342,Trig 12,0.0008552192
75358,Trig 12,0.0042594736
75359,Trig 12,0.00032311765
75360,Trig 12,0.0030704068
75361,Trig 12,0.00028336004
75362,Trig 12,0.002142154
75363,Trig 12,0.0027826722
75364,Trig 12,0.0024765877
75365,Trig 12,0.0013444615
75373,Trig 12,0.0011025323
75376,Trig 12,0.0013251618
75377,Trig 12,0.003917956
75378,Trig 12,0.0035378956
75379,Trig 12,0.0028898024
75380,Trig 12,0.002747514
75381,Trig 12,0.0010266175
75391,Trig 12,0.004009335
75392,Trig 12,0.0036966847
75393,Trig 12,0.0032606798
75394,Trig 12,0.0017222394
75395,Trig 12,0.0025275568
75396,Trig 12,0.0003385792
75403,Trig 12,0.00017049321
75405,Trig 12,0.003777254
75406,Trig 12,0.0033608712
75407,Trig 12,0.0028013757
75408,Trig 12,0.0011185921
75409,Trig 12,0.0014887558
75421,Trig 12,0.0018511189
75422,Trig 12,0.00043860753
75426,Trig 12,0.0010143002
75428,Trig 12,0.003250166
75429,Trig 12,0.00037989154
75430,Trig 12,0.0028764901
75431,Trig 12,0.0025539524
75433,Trig 12,0.0010120858
75440,Trig 12,0.00041365862
75442,Trig 12,0.004103979
75443,Trig 12,0.0035650567
75444,Trig 12,0.0003139312
75445,Trig 12,0.0006096106
75449,Trig 12,0.0017845698
75450,Trig 12,0.0021705853
75451,Trig 12,0.00066281063
75458,Trig 12,0.0006630867
75459,Trig 12,0.0005534377
75460,Trig 12,0.0039497158
75462,Trig 12,0.0031119685
75464,Trig 12,0.0020820713
75469,Trig 12,0.0007007166
75470,Trig 12,0.00024612114
75476,Trig 12,0.0046094772
75477,Trig 12,0.00068049226
75478,Trig 12,0.0010579032
75479,Trig 12,0.00311244
75480,Trig 12,0.002551402
75481,Trig 12,0.001230471
75484,Trig 12,0.0014237727
75490,Trig 12,0.00057692174
75491,Trig 12,0.004428835
75492,Trig 12,0.0010640352
75493,Trig 12,0.0032263629
75494,Trig 12,0.0007985476
75495,Trig 12,0.0005217609
75496,Trig 12,0.0026131356
75497,Trig 12,0.0005075566
75504,Trig 12,0.0043683136
75505,Trig 12,0.0038376153
75506,Trig 12,0.0004236994
75507,Trig 12,0.0032659255
75508,Trig 12,0.000630096
75509,Trig 12,0.0026279867
75510,Trig 12,0.002464428
75511,Trig 12,0.00053970434
75518,Trig 12,0.00054929964
75519,Trig 12,0.003924054
75520,Trig 12,0.003751618
75521,Trig 12,0.0033729824
75522,Trig 12,0.0015514526
75523,Trig 12,0.0014475763
75524,Trig 12,0.0024482785
75525,Trig 12,0.0019332062
75526,Trig 12,0.0008586837
75532,Trig 12,0.0005649054
75533,Trig 12,0.0044102105
75534,Trig 12,0.0039075767
75535,Trig 12,0.0034797518
75536,Trig 12,0.003006748
75537,Trig 12,0.002676711
75538,Trig 12,0.0013487955
75546,Trig 12,0.0006270326
75548,Trig 12,0.0010969857
75549,Trig 12,0.0035973007
75551,Trig 12,0.0030624913
75552,Trig 12,0.00069361995
75554,Trig 12,0.00019800712
75577,Trig 12,0.00057201076
75578,Trig 12,0.0018962297
75579,Trig 12,0.0035444885
75580,Trig 12,0.0023423675
75581,Trig 12,0.002187054
75606,Trig 12,0.0041643823
75607,Trig 12,0.0036166653
75608,Trig 12,0.0012040944
75626,Trig 12,0.002462848
75627,Trig 12,0.00052906177
75640,Trig 12,0.00039169198
75641,Trig 12,0.0019986124
75642,Trig 12,0.00036570954
75643,Trig 12,0.0028786405
75644,Trig 12,0.00062156346
75645,Trig 12,0.0026855308
75671,Trig 12,0.0015886175
75688,Trig 12,0.0035587936
75689,Trig 12,0.0019393037
75690,Trig 12,0.0028691806
75691,Trig 12,0.0013864723
75692,Trig 12,0.0030660483
75693,Trig 12,0.0019773997
75694,Trig 12,0.0025392417
75695,Trig 12,0.00025114263
75703,Trig 12,0.004388403
75706,Trig 12,0.0011193426
75707,Trig 12,0.0026461005
75708,Trig 12,0.00027625475
75714,Trig 12,0.0034125492
75717,Trig 12,0.0029241648
75718,Trig 12,0.0025748103
75719,Trig 12,0.0017608773
75725,Trig 12,0.00057739514
75726,Trig 12,0.004390817
75727,Trig 12,0.0039548627
75728,Trig 12,0.000858334
75741,Trig 12,0.0021304933
75742,Trig 12,0.00035980137
75757,Trig 12,0.0020844522
75758,Trig 12,0.0016516189
75759,Trig 12,0.001593164
75767,Trig 12,0.0032153637
75768,Trig 12,0.0019714038
75769,Trig 12,0.00043364672
75770,Trig 12,0.0005893477
75771,Trig 12,0.0002856817
75772,Trig 12,0.00025489484
75773,Trig 12,0.0009403248
75774,Trig 12,0.002729503
75775,Trig 12,0.0026999817
75776,Trig 12,0.000111246685
75785,Trig 12,0.0010053202
75787,Trig 12,0.0031007922
75788,Trig 12,0.0028449188
75809,Trig 12,0.000597229
75810,Trig 12,0.0013868827
75811,Trig 12,0.00045065113
75812,Trig 12,0.0027223208
75813,Trig 12,0.0013726975
75822,Trig 12,0.0024807658
75839,Trig 12,0.000566534
75840,Trig 12,0.00052090595
75841,Trig 12,0.0018074932
75842,Trig 12,0.0007006197
75844,Trig 12,0.002381029
75845,Trig 12,0.00035661136
75864,Trig 12,0.0037039206
75865,Trig 12,0.0008091109
75866,Trig 12,0.0030927428
75867,Trig 12,0.0028471595
75868,Trig 12,0.0024400486
75869,Trig 12,0.0016146812
75870,Trig 12,0.0009114624
75880,Trig 12,0.0010809193
75881,Trig 12,0.003987553
75882,Trig 12,0.00042130993
75883,Trig 12,0.0019902445
75884,Trig 12,0.0016083452
75885,Trig 12,0.0026371747
75886,Trig 12,0.0026194197
75887,Trig 12,0.0002720098
75888,Trig 12,0.0002078909
75889,Trig 12,0.000256361
75902,Trig 12,0.0009403938
75903,Trig 12,0.00025956007
75904,Trig 12,0.002759368
75905,Trig 12,0.0012423523
75907,Trig 12,0.000299321
75909,Trig 12,0.0012853723
75910,Trig 12,0.0031245074
75911,Trig 12,0.0025458962
75912,Trig 12,0.0021543347
75913,Trig 12,0.00022757132
75914,Trig 12,0.0022003555
75915,Trig 12,0.002017094
76001,Trig 12,0.0016505626
76002,Trig 12,0.0031279342
76003,Trig 12,0.0005460593
76004,Trig 12,0.0036777998
76005,Trig 12,0.00041648984
76007,Trig 12,0.0016332667
76008,Trig 12,0.0026679954
76009,Trig 12,0.002390623
76015,Trig 12,0.0009810437
76016,Trig 12,0.003157493
76017,Trig 12,0.0015086201
76018,Trig 12,0.00039899888
76019,Trig 12,0.0023123422
76020,Trig 12,0.0030432432
76021,Trig 12,0.0026277832
76022,Trig 12,0.000993805
76023,Trig 12,0.0017934776
76024,Trig 12,0.0011743341
76040,Trig 12,0.001510745
76041,Trig 12,0.0024898055
76042,Trig 12,0.002738818
76044,Trig 12,0.0007164252
76046,Trig 12,0.0026953234
76047,Trig 12,0.002444723
76048,Trig 12,0.0016839751
76049,Trig 12,0.0015320143
76054,Trig 12,0.0005543815
76055,Trig 12,0.0016126108
76057,Trig 12,0.0021895247
76058,Trig 12,0.002639538
76071,Trig 12,0.0010479587
76073,Trig 12,0.0013229547
76074,Trig 12,0.00051510416
76075,Trig 12,0.0007317699
76076,Trig 12,0.0028269014
76080,Trig 12,0.002217043
76081,Trig 12,0.00023536876
76082,Trig 12,0.0018710967
76083,Trig 12,0.0008478697
76086,Trig 12,0.00037765954
76093,Trig 12,0.0029635995
76094,Trig 12,0.0012817412
76096,Trig 12,0.0007943025
76097,Trig 12,0.0026108588
76098,Trig 12,0.0027950907
76099,Trig 12,0.0019518377
76101,Trig 12,0.0012336493
76107,Trig 12,0.0007097321
76108,Trig 12,0.0017555176
76109,Trig 12,0.0016279336
76110,Trig 12,0.001355116
76111,Trig 12,0.00029731594
76113,Trig 12,0.002314856
76114,Trig 12,0.0020101734
76115,Trig 12,0.0020076346
76117,Trig 12,0.00045759405
76123,Trig 12,0.00086996314
76124,Trig 12,0.0030938156
76125,Trig 12,0.003849845
76126,Trig 12,0.0033793654
76127,Trig 12,0.00032125178
76128,Trig 12,0.0021991546
76129,Trig 12,0.0026906582
76130,Trig 12,0.0018113139
76137,Trig 12,0.00068536086
76138,Trig 12,0.0042379186
76139,Trig 12,0.00073472626
76141,Trig 12,0.0031633982
76142,Trig 12,0.002105573
76143,Trig 12,0.0024235887
76150,Trig 12,0.0009022966
76151,Trig 12,0.0031639703
76152,Trig 12,0.0029089483
76153,Trig 12,0.0010672065
76154,Trig 12,0.0013441904
76194,Trig 12,0.0026529643
76195,Trig 12,0.0016485034
76196,Trig 12,0.0017511938
76197,Trig 12,0.0006256423
76199,Trig 12,0.0012048049
76200,Trig 12,0.0005012078
76201,Trig 12,0.00031159946
76202,Trig 12,0.0019664555
76205,Trig 12,0.00038547342
76212,Trig 12,0.0009914548
76213,Trig 12,0.0016012029
76214,Trig 12,0.0022584728
76215,Trig 12,0.0022060273
76216,Trig 12,0.0025197882
76217,Trig 12,0.002200799
76220,Trig 12,0.00045746192
76226,Trig 12,0.0006707101
76227,Trig 12,0.0023124302
76228,Trig 12,0.0005313379
76231,Trig 12,0.0024493434
76232,Trig 12,0.0021328633
76234,Trig 12,0.0018613824
76235,Trig 12,0.0016623517
76236,Trig 12,0.00032236433
76243,Trig 12,0.00071909773
76244,Trig 12,0.0018289404
76246,Trig 12,0.0024485858
76247,Trig 12,0.0007862803
76248,Trig 12,0.0016879584
76250,Trig 12,0.0027495436
76253,Trig 12,0.0013724292
76254,Trig 12,0.00024404965
76256,Trig 12,0.00036921882
76257,Trig 12,0.0017059139
76267,Trig 12,0.00072644657
76268,Trig 12,0.0019488493
76269,Trig 12,0.0038211797
76271,Trig 12,0.002857476
76280,Trig 12,0.0013960475
76281,Trig 12,0.0009936169
76282,Trig 12,0.0027201371
76290,Trig 12,0.0007581524
76293,Trig 12,0.00014628432
76294,Trig 12,0.00183757
76295,Trig 12,0.0024865188
76305,Trig 12,0.00060533185
76307,Trig 12,0.003369786
76308,Trig 12,0.0020030716
76309,Trig 12,0.00046372897
76312,Trig 12,0.0020259647
76313,Trig 12,0.00076058425
76316,Trig 12,0.0009823941
76317,Trig 12,0.0023062134
76325,Trig 12,0.00096120714
76326,Trig 12,0.0031238787
76327,Trig 12,0.0017823775
76331,Trig 12,0.0022538458
76332,Trig 12,0.0007540884
76333,Trig 12,0.001922904
76334,Trig 12,0.0013594482
76342,Trig 12,0.00041341066
76344,Trig 12,0.0030603427
76345,Trig 12,0.0019036417
76346,Trig 12,0.0021103963
76347,Trig 12,0.00075651746
76348,Trig 12,0.00053694926
76414,Trig 12,0.001200455
76416,Trig 12,0.0016660553
76417,Trig 12,0.00030341116
76418,Trig 12,0.0016805767
76451,Trig 12,0.00060766697
76452,Trig 12,0.00083510263
76459,Trig 12,0.00084660714
76466,Trig 12,0.000437456
76469,Trig 12,0.00026809535
76470,Trig 12,0.0020816932
76472,Trig 12,0.0027380132
76473,Trig 12,0.0032354922
76474,Trig 12,0.002878474
76475,Trig 12,0.0010284492
76476,Trig 12,0.0020783453
76477,Trig 12,0.0005409891
76485,Trig 12,0.0004027905
76486,Trig 12,0.0022267653
76487,Trig 12,0.0010135955
76488,Trig 12,0.0029666303
76489,Trig 12,0.00028784107
76492,Trig 12,0.00017550048
76497,Trig 12,0.0005301506
76504,Trig 12,0.00041364957
76505,Trig 12,0.0023139091
76507,Trig 12,0.00274405
76508,Trig 12,0.00022818295
76509,Trig 12,0.0004959259
76510,Trig 12,0.0010933258
76511,Trig 12,0.0017224805
76512,Trig 12,0.0010220244
76522,Trig 12,0.0004968093
76523,Trig 12,0.0003924859
76526,Trig 12,0.0008380942
76527,Trig 12,0.0007707754
76528,Trig 12,0.0022744087
76529,Trig 12,0.0012514648
76530,Trig 12,0.0008975741
76531,Trig 12,0.00061845256
76532,Trig 12,0.0024644032
76533,Trig 12,0.001322463
76541,Trig 12,0.0015295631
76542,Trig 12,0.00039014278
76543,Trig 12,0.0002836053
76544,Trig 12,0.0010872111
76545,Trig 12,0.0015246546
76546,Trig 12,0.00032488204
76554,Trig 12,0.00033894798
76555,Trig 12,0.00017273845
76556,Trig 12,0.001022782
76557,Trig 12,0.00089370087
76558,Trig 12,0.0003878727
76559,Trig 12,0.0032297338
76560,Trig 12,0.0027903197
76561,Trig 12,0.0024944225
76562,Trig 12,0.00026686813
76570,Trig 12,0.0022198039
76571,Trig 12,0.00055498263
76577,Trig 12,0.0026237227
76579,Trig 12,0.0011563769
76580,Trig 12,0.00054906344
76581,Trig 12,0.00080320466
76583,Trig 12,0.0024239444
76584,Trig 12,0.00044920004
76596,Trig 12,0.0030553637
76597,Trig 12,0.0005215342
76598,Trig 12,0.0025863282
76599,Trig 12,0.002799193
76600,Trig 12,0.0024017135
76609,Trig 12,0.0012538803
76610,Trig 12,0.0008591085
76611,Trig 12,0.003016693
76612,Trig 12,0.0015747624
76613,Trig 12,0.0018917068
76614,Trig 12,0.0016791543
76616,Trig 12,0.00091041386
76618,Trig 12,0.0018754746
76626,Trig 12,0.0030776449
76627,Trig 12,0.0030961398
76628,Trig 12,0.0012803444
76629,Trig 12,0.0024071203
76631,Trig 12,0.0009907552
76632,Trig 12,0.001110845
76633,Trig 12,0.0013265344
76641,Trig 12,0.0005083044
76642,Trig 12,0.00039760926
76645,Trig 12,0.0034178877
76646,Trig 12,0.002228473
76648,Trig 12,0.0015954454
76649,Trig 12,0.0023085095
76650,Trig 12,0.0021033387
76651,Trig 12,0.00019229585
76654,Trig 12,0.001403833
76660,Trig 12,0.0005260386
76661,Trig 12,0.003486425
76662,Trig 12,0.00063842215
76664,Trig 12,0.00027768075
76665,Trig 12,0.0005488588
76666,Trig 12,0.0024945599
76667,Trig 12,0.00037239483
76668,Trig 12,0.00038971903
76675,Trig 12,0.00067900016
76679,Trig 12,0.0017817854
76680,Trig 12,0.002895131
76682,Trig 12,0.0010980045
76683,Trig 12,0.0015194423
76684,Trig 12,0.0018256445
76692,Trig 12,0.0025688242
76695,Trig 12,0.0004353444
76697,Trig 12,0.001029237
76700,Trig 12,0.0029599064
76701,Trig 12,0.00072329486
76736,Trig 12,0.0034115072
76737,Trig 12,0.0020768417
76738,Trig 12,0.0011314364
76739,Trig 12,0.00017714122
76740,Trig 12,0.00064707326
76741,Trig 12,0.0014582871
76746,Trig 12,0.0013500248
76747,Trig 12,0.0003943599
76757,Trig 12,0.003084013
76758,Trig 12,0.0028534962
76759,Trig 12,0.002468326
76761,Trig 12,0.0006674778
76762,Trig 12,0.0023681333
76763,Trig 12,0.00026214612
76774,Trig 12,0.0005604174
76777,Trig 12,0.0005830254
76778,Trig 12,0.0008642482
76779,Trig 12,0.0029337918
76780,Trig 12,0.0018654318
76781,Trig 12,0.0012335052
76782,Trig 12,0.0010542676
76784,Trig 12,0.00197932
76785,Trig 12,0.0017806483
76786,Trig 12,0.0005853172
76792,Trig 12,0.0006637869
76795,Trig 12,0.0009901645
76796,Trig 12,0.0016344055
76797,Trig 12,0.0018278896
76798,Trig 12,0.002585526
76799,Trig 12,0.0021405185
76801,Trig 12,0.0016835907
76802,Trig 12,0.0008743729
76817,Trig 12,0.0027392928
76821,Trig 12,0.0014013862
76822,Trig 12,0.00050294166
76823,Trig 12,0.0008186859
76824,Trig 12,0.0018452703
76825,Trig 12,0.0011723947
76826,Trig 12,0.00079715915
76837,Trig 12,0.00041466506
76838,Trig 12,0.0021664302
76839,Trig 12,0.0007539662
76840,Trig 12,0.0020848191
76841,Trig 12,0.002083983
76842,Trig 12,0.0020535656
76856,Trig 12,0.002725069
76857,Trig 12,0.000512846
76866,Trig 12,0.0028866394
76868,Trig 12,0.0025452066
76869,Trig 12,0.0009992584
76870,Trig 12,0.0025488765
76871,Trig 12,0.0008829992
76892,Trig 12,0.00040083603
76893,Trig 12,0.0014227262
76894,Trig 12,0.0030329833
76895,Trig 12,0.0026418592
76896,Trig 12,0.0016682374
76897,Trig 12,0.00057667727
76913,Trig 12,0.0026486113
76915,Trig 12,0.0015268694
76916,Trig 12,0.0007280143
76917,Trig 12,0.0021766482
76918,Trig 12,0.0025594898
76919,Trig 12,0.0010407254
76934,Trig 12,0.00047006784
76935,Trig 12,0.00016024747
76937,Trig 12,0.0024850913
76940,Trig 12,0.0020654676
76947,Trig 12,0.00079533894
76948,Trig 12,0.0031276557
76949,Trig 12,0.002501492
76950,Trig 12,0.0022403384
76951,Trig 12,0.001782686
76952,Trig 12,0.0025019927
76953,Trig 12,0.00087290653
76960,Trig 12,0.00053034123
76961,Trig 12,0.0031516808
76962,Trig 12,0.0027176377
76963,Trig 12,0.0017102093
76974,Trig 12,0.00035427324
76975,Trig 12,0.0012465782
76977,Trig 12,0.0017127116
76978,Trig 12,0.0023890042
76979,Trig 12,0.0005359183
76980,Trig 12,0.0024749835
76981,Trig 12,0.0010453236
76982,Trig 12,0.0002183493
76984,Trig 12,0.0013745393
76998,Trig 12,0.0023465343
76999,Trig 12,0.0016490725
77000,Trig 12,0.0024613105
77001,Trig 12,0.0021495728
77002,Trig 12,0.00039849128
77004,Trig 12,0.0016535895
77005,Trig 12,0.0019524912
77007,Trig 12,0.00021671093
77010,Trig 12,0.0019479222
77011,Trig 12,0.00012263299
77012,Trig 12,0.0003362214
77019,Trig 12,0.0004620601
77022,Trig 12,0.0032637496
77023,Trig 12,0.00032792048
77026,Trig 12,0.00019810957
77027,Trig 12,0.0020567458
77028,Trig 12,0.00084233953
77038,Trig 12,0.0009172223
77039,Trig 12,0.0008223501
77041,Trig 12,0.0011746195
77045,Trig 12,0.003508653
77046,Trig 12,0.0011396953
77047,Trig 12,0.002726943
77048,Trig 12,0.002476461
77049,Trig 12,0.00039114154
77059,Trig 12,0.00038073625
77062,Trig 12,0.0008156818
77063,Trig 12,0.0015842854
77064,Trig 12,0.0010224194
77067,Trig 12,0.0029527126
77069,Trig 12,0.0018390012
77070,Trig 12,0.0023452777
77079,Trig 12,0.0005633261
77082,Trig 12,0.002749664
77083,Trig 12,0.0016783921
77084,Trig 12,0.0031247523
77085,Trig 12,0.000629012
77086,Trig 12,0.0010275233
77087,Trig 12,0.002486182
77088,Trig 12,0.0015140041
77098,Trig 12,0.0006255063
77099,Trig 12,0.0028571568
77101,Trig 12,0.0006757206
77102,Trig 12,0.0010246572
77103,Trig 12,0.001733601
77140,Trig 12,0.0006485511
77143,Trig 12,0.0033740636
77144,Trig 12,0.00049979554
77145,Trig 12,0.0033284095
77146,Trig 12,0.00094476185
77160,Trig 12,0.0028397713
77161,Trig 12,0.001145123
77164,Trig 12,0.00039143313
77165,Trig 12,0.0026697952
77167,Trig 12,0.0020172975
77168,Trig 12,0.0024790382
77176,Trig 12,0.0008978471
77177,Trig 12,0.0034478123
77180,Trig 12,0.00042284647
77181,Trig 12,0.0019321779
77182,Trig 12,0.0027636848
77183,Trig 12,0.0012107631
77184,Trig 12,0.002204081
77185,Trig 12,0.0007542524
77193,Trig 12,0.0010072804
77195,Trig 12,0.0003810484
77197,Trig 12,0.0023344024
77198,Trig 12,0.0006102443
77199,Trig 12,0.0002593433
77200,Trig 12,0.0017630792
77201,Trig 12,0.0027928406
77202,Trig 12,0.0013909709
77212,Trig 12,0.00041844643
77213,Trig 12,0.0033383798
77214,Trig 12,0.00075449323
77218,Trig 12,0.0006127727
77221,Trig 12,0.00045567207
77223,Trig 12,0.0006453714
77224,Trig 12,0.00096928276
77225,Trig 12,0.002433893
77227,Trig 12,0.0007499979
77228,Trig 12,0.0019414355
77230,Trig 12,0.00023947771
77238,Trig 12,0.0027772405
77239,Trig 12,0.00026420242
77241,Trig 12,0.0032006877
77242,Trig 12,0.0030999705
77243,Trig 12,0.0025197119
77244,Trig 12,0.0026660573
77245,Trig 12,0.002016517
77259,Trig 12,0.00019578116
77260,Trig 12,0.003344653
77261,Trig 12,0.0006047478
77264,Trig 12,0.00031940543
77265,Trig 12,0.003173596
77266,Trig 12,0.00029055375
77318,Trig 12,0.0031705417
77320,Trig 12,0.00071880425
77321,Trig 12,0.0014781875
77322,Trig 12,0.003495899
77323,Trig 12,0.00042681658
77324,Trig 12,0.0025346465
77325,Trig 12,0.0006656874
77326,Trig 12,0.00044904574
77327,Trig 12,0.0010545572
77338,Trig 12,0.0009893513
77339,Trig 12,0.0028906772
77342,Trig 12,0.0025231927
77343,Trig 12,0.0019939784
77344,Trig 12,0.0014395386
77362,Trig 12,0.0008904162
77363,Trig 12,0.004183623
77364,Trig 12,0.00065773516
77366,Trig 12,0.001994927
77367,Trig 12,0.0028217726
77368,Trig 12,0.0019086648
77369,Trig 12,0.001471523
77370,Trig 12,0.0026370385
77380,Trig 12,0.0011045482
77382,Trig 12,0.0031005628
77383,Trig 12,0.0025775244
77384,Trig 12,0.00045938502
77385,Trig 12,0.0032198604
77386,Trig 12,0.00027920463
77388,Trig 12,0.0004379442
77389,Trig 12,0.00054571696
77390,Trig 12,0.0007606567
77400,Trig 12,0.0007109172
77401,Trig 12,0.0042237407
77402,Trig 12,0.0036422482
77403,Trig 12,0.0033836304
77406,Trig 12,0.0025384403
77407,Trig 12,0.001271056
77417,Trig 12,0.0005726306
77419,Trig 12,0.0039779805
77421,Trig 12,0.0006261327
77422,Trig 12,0.002560379
77424,Trig 12,0.0023177883
77425,Trig 12,0.0019758607
77426,Trig 12,0.00048626852
77427,Trig 12,0.0007747029
77428,Trig 12,0.0012448364
77434,Trig 12,0.0012130829
77435,Trig 12,0.0029147475
77436,Trig 12,0.002477954
77437,Trig 12,0.0017660357
77438,Trig 12,0.0021210138
77439,Trig 12,0.0003455906
77443,Trig 12,0.0021634488
77444,Trig 12,0.0011974962
77457,Trig 12,0.00038425854
77458,Trig 12,0.0004974342
77461,Trig 12,0.0016198669
77462,Trig 12,0.003343027
77463,Trig 12,0.0016808901
77464,Trig 12,0.0027417326
77466,Trig 12,0.00029549765
77472,Trig 12,0.00049452024
77473,Trig 12,0.00085717946
77474,Trig 12,0.0009933261
77475,Trig 12,0.00230878
77476,Trig 12,0.00046699142
77481,Trig 12,0.0024637694
77484,Trig 12,0.0014796472
77485,Trig 12,0.0024768352
77486,Trig 12,0.00028355548
77487,Trig 12,0.00031085045
77488,Trig 12,0.0016601639
77492,Trig 12,0.0004661273
77494,Trig 12,0.0004383588
77513,Trig 12,0.0004400941
77514,Trig 12,0.0022220134
77515,Trig 12,0.0020355086
77516,Trig 12,0.002216043
77517,Trig 12,0.00073131814
77521,Trig 12,0.0021807428
77522,Trig 12,0.00074612576
77523,Trig 12,0.0024788687
77524,Trig 12,0.00060824864
77530,Trig 12,0.00055572216
77531,Trig 12,0.0006691571
77549,Trig 12,0.0030296163
77550,Trig 12,0.002755319
77551,Trig 12,0.0002589682
77553,Trig 12,0.00049013994
77554,Trig 12,0.0017433036
77555,Trig 12,0.0013479524
77556,Trig 12,0.0019846223
77563,Trig 12,0.00173088
77564,Trig 12,0.0005010416
77565,Trig 12,0.004162686
77566,Trig 12,0.0036871373
77568,Trig 12,0.000768853
77569,Trig 12,0.003051278
77570,Trig 12,0.002007975
77571,Trig 12,0.0023722616
77576,Trig 12,0.0023375768
77577,Trig 12,0.0041118544
77578,Trig 12,0.0019126484
77581,Trig 12,0.0009298554
77582,Trig 12,0.0030621504
77584,Trig 12,0.0024323652
77585,Trig 12,0.0024836888
77586,Trig 12,0.00055339024
77592,Trig 12,0.0030303218
77593,Trig 12,0.00045010724
77594,Trig 12,0.0017434758
77595,Trig 12,0.0007281811
77600,Trig 12,0.00036715117
77601,Trig 12,0.0023899612
77602,Trig 12,0.0032576595
77603,Trig 12,0.0027980106
77604,Trig 12,0.0014681823
77605,Trig 12,0.00091487647
77606,Trig 12,0.00078679045
77614,Trig 12,0.0018855319
77615,Trig 12,0.0014495997
77616,Trig 12,0.00392969
77617,Trig 12,0.00093826995
77618,Trig 12,0.00038635658
77619,Trig 12,0.0020348707
77620,Trig 12,0.0026171037
77621,Trig 12,0.0020215577
77629,Trig 12,0.00054600666
77633,Trig 12,0.0034078392
77634,Trig 12,0.0025565196
77658,Trig 12,0.0020057166
77659,Trig 12,0.002498871
77660,Trig 12,0.0028825665
77661,Trig 12,0.0013574476
77662,Trig 12,0.0014307458
77663,Trig 12,0.0026250272
77680,Trig 12,0.0016714665
77683,Trig 12,0.0023941698
77684,Trig 12,0.00032549034
77688,Trig 12,0.0029519238
77690,Trig 12,0.00045435943
77691,Trig 12,0.0010871865
77697,Trig 12,0.0006165882
77698,Trig 12,0.0013556542
77699,Trig 12,0.0026496907
77700,Trig 12,0.00033224747
77701,Trig 12,0.0021939573
77702,Trig 12,0.00024584978
77704,Trig 12,0.0009485303
77705,Trig 12,0.0023507185
77706,Trig 12,0.00027701375
77752,Trig 12,0.00035628097
77753,Trig 12,0.0011576279
77754,Trig 12,0.0028609785
77755,Trig 12,0.000563392
77756,Trig 12,0.0010254988
77758,Trig 12,0.00059425266
77759,Trig 12,0.0033441882
77760,Trig 12,0.00044049433
77762,Trig 12,0.0020564825
77763,Trig 12,0.002496575
77764,Trig 12,0.00025749163
77766,Trig 12,0.0026932221
77778,Trig 12,0.0011484938
77779,Trig 12,0.00162031
77780,Trig 12,0.0017493983
77781,Trig 12,0.0013542853
77782,Trig 12,0.00033228053
77783,Trig 12,0.0005157644
77784,Trig 12,0.00020426707
77786,Trig 12,0.00035773026
77795,Trig 12,0.0025967548
77796,Trig 12,0.00032368963
77797,Trig 12,0.000108003005
77798,Trig 12,0.00056605326
77813,Trig 12,0.00026357986
77814,Trig 12,0.002421389
77815,Trig 12,0.00041671493
77818,Trig 12,0.0003120849
77824,Trig 12,0.0010034792
77832,Trig 12,0.0005285158
77834,Trig 12,0.00025397976
77850,Trig 12,0.0003236276
77851,Trig 12,0.0002836515
77854,Trig 12,0.0016925238
77856,Trig 12,0.00027600554
77862,Trig 12,0.0007028795
77863,Trig 12,0.0020125913
77864,Trig 12,0.002799988
77866,Trig 12,0.003162525
77867,Trig 12,0.00029701515
77868,Trig 12,0.0001480223
77872,Trig 12,0.00027087537
77873,Trig 12,0.0015510896
77874,Trig 12,0.0008031968
77881,Trig 12,0.00074497977
77883,Trig 12,0.00055684097
77884,Trig 12,0.0023946918
77885,Trig 12,0.001960094
77886,Trig 12,0.0019771946
77887,Trig 12,0.0023247085
77889,Trig 12,0.0009117285
77900,Trig 12,0.0023519592
77901,Trig 12,0.0005076124
77902,Trig 12,0.0018645376
77903,Trig 12,0.0012509355
77905,Trig 12,0.0034195497
77906,Trig 12,0.0006032909
77907,Trig 12,0.0003255422
77908,Trig 12,0.0003518498
77909,Trig 12,0.0025275405
77910,Trig 12,0.00083379005
77918,Trig 12,0.0032207076
77919,Trig 12,0.0013401412
77921,Trig 12,0.0017633392
77922,Trig 12,0.0028870036
77923,Trig 12,0.0026779282
77924,Trig 12,0.0016717514
77931,Trig 12,0.0008181751
77932,Trig 12,0.0005135223
77933,Trig 12,0.0004393746
77934,Trig 12,0.00390618
77935,Trig 12,0.0011536488
77936,Trig 12,0.00025518294
77938,Trig 12,0.00013463314
77939,Trig 12,0.0015081178
77942,Trig 12,0.000616941
77947,Trig 12,0.0012391681
77949,Trig 12,0.0027474135
77950,Trig 12,0.003161402
77951,Trig 12,0.0009272765
77953,Trig 12,0.00069633115
77954,Trig 12,0.0007850615
77955,Trig 12,0.0026042298
77957,Trig 12,0.0023508067
77958,Trig 12,0.0013958089
77964,Trig 12,0.0007494378
77965,Trig 12,0.0032126212
77966,Trig 12,0.0011990928
77967,Trig 12,0.0011584018
77968,Trig 12,0.00041046206
77980,Trig 12,0.0025782778
77990,Trig 12,0.0012650028
77991,Trig 12,0.0030431566
77992,Trig 12,0.0024474764
77996,Trig 12,0.0009437612
78004,Trig 12,0.00059014995
78006,Trig 12,0.0016580283
78007,Trig 12,0.0010202513
78014,Trig 12,0.00034078478
78015,Trig 12,0.003635855
78016,Trig 12,0.0001733577
78017,Trig 12,0.0020905146
78018,Trig 12,0.00015719292
78019,Trig 12,0.0025409018
78020,Trig 12,0.0015180197
78029,Trig 12,0.004119834
78030,Trig 12,0.0005324298
78032,Trig 12,0.0008833129
78033,Trig 12,0.0016911367
78034,Trig 12,0.00011277909
78035,Trig 12,0.00078586815
78036,Trig 12,0.00051476393
78044,Trig 12,0.00039857684
78048,Trig 12,0.00022967663
78049,Trig 12,0.004221703
78050,Trig 12,0.0016072494
78051,Trig 12,0.0004172122
78053,Trig 12,0.00054784265
78055,Trig 12,0.0023741724
78056,Trig 12,0.0024798394
78057,Trig 12,0.0001357285
78064,Trig 12,0.0004921042
78066,Trig 12,0.00092471746
78067,Trig 12,0.003409332
78068,Trig 12,0.0004083254
78069,Trig 12,0.00054578966
78071,Trig 12,0.0027878056
78072,Trig 12,0.0015676729
78073,Trig 12,0.002589601
78074,Trig 12,0.0006948024
78080,Trig 12,0.00072669896
78082,Trig 12,0.0025580004
78084,Trig 12,0.00032900507
78085,Trig 12,0.00030361797
78088,Trig 12,0.00021474969
78089,Trig 12,0.0013083783
78201,Trig 12,0.0006404428
78202,Trig 12,0.00022731593
78203,Trig 12,0.00403794
78206,Trig 12,0.002433363
78207,Trig 12,0.0016962065
78209,Trig 12,0.0020158049
78211,Trig 12,0.0022473277
78217,Trig 12,0.00048715496
78218,Trig 12,0.0041647274
78220,Trig 12,0.003377815
78221,Trig 12,0.0015120446
78222,Trig 12,0.0023742062
78223,Trig 12,0.0024225123
78225,Trig 12,0.0020725236
78226,Trig 12,0.0001456771
78227,Trig 12,0.0018388096
78228,Trig 12,0.0017460746
78229,Trig 12,0.001252837
78238,Trig 12,0.002222708
78239,Trig 12,0.0041574966
78240,Trig 12,0.002493219
78247,Trig 12,0.0004217925
78248,Trig 12,0.0004629317
78249,Trig 12,0.004226557
78250,Trig 12,0.0038156756
78251,Trig 12,0.0019910722
78252,Trig 12,0.002641371
78253,Trig 12,0.00024873606
78254,Trig 12,0.00047858458
78260,Trig 12,0.00068809884
78261,Trig 12,0.0025554348
78262,Trig 12,0.0004847435
78263,Trig 12,0.00065213366
78264,Trig 12,0.002455015
78265,Trig 12,0.003249143
78266,Trig 12,0.0013676537
78267,Trig 12,0.0026493948
78268,Trig 12,0.0020519197
78279,Trig 12,0.0006956937
78280,Trig 12,0.002707033
78281,Trig 12,0.0011361479
78282,Trig 12,0.001030441
78285,Trig 12,0.0010969464
78287,Trig 12,0.00051717105
78288,Trig 12,0.002539515
78289,Trig 12,0.0038276426
78290,Trig 12,0.00361112
78293,Trig 12,0.0010266758
78294,Trig 12,0.0027463734
78295,Trig 12,0.0025363609
78297,Trig 12,0.00021738835
78305,Trig 12,0.004413833
78306,Trig 12,0.002612573
78307,Trig 12,0.0033681663
78308,Trig 12,0.002661594
78309,Trig 12,0.002427796
78310,Trig 12,0.00239826
78316,Trig 12,0.0006161221
78317,Trig 12,0.0006328251
78318,Trig 12,0.0026840717
78319,Trig 12,0.0026632515
78320,Trig 12,0.00030889563
78322,Trig 12,0.0007261464
78323,Trig 12,0.0013625138
78326,Trig 12,0.00149245
78327,Trig 12,0.0027166554
78328,Trig 12,0.0024249868
78329,Trig 12,0.00019436749
78337,Trig 12,0.0006624915
78342,Trig 12,0.0013457038
78343,Trig 12,0.000101126185
78345,Trig 12,0.002811155
78346,Trig 12,0.0022127347
78347,Trig 12,0.0028932157
78348,Trig 12,0.0025657387
78349,Trig 12,0.0018837376
78358,Trig 12,0.0013555196
78359,Trig 12,0.0028104144
78360,Trig 12,0.0016912833
78361,Trig 12,0.0011333042
78362,Trig 12,0.00028263647
78363,Trig 12,0.002793399
78364,Trig 12,0.002284366
78365,Trig 12,0.0016451437
78374,Trig 12,0.0028160086
78375,Trig 12,0.001968451
78376,Trig 12,0.00335278
78377,Trig 12,0.0029634966
78378,Trig 12,0.00059210975
78379,Trig 12,0.0026933837
78380,Trig 12,0.0019989342
78386,Trig 12,0.0006678585
78387,Trig 12,0.0022172558
78397,Trig 12,0.0006771185
78398,Trig 12,0.0034837807
78400,Trig 12,0.0014058847
78403,Trig 12,0.0016944133
78404,Trig 12,0.0024585184
78405,Trig 12,0.0005198297
78406,Trig 12,0.0019298884
78407,Trig 12,0.0018207832
78408,Trig 12,0.0010612799
78418,Trig 12,0.00029565938
78419,Trig 12,0.00029055186
78420,Trig 12,0.00035183807
78425,Trig 12,0.0012928754
78427,Trig 12,0.0017687455
78428,Trig 12,0.0004947291
78437,Trig 12,0.0012725851
78438,Trig 12,0.0009461095
78439,Trig 12,0.00037999163
78442,Trig 12,0.00240999
78443,Trig 12,0.00261385
78444,Trig 12,0.00051113317
78445,Trig 12,0.0007883412
78446,Trig 12,0.0020157206
78447,Trig 12,0.0020976213
78448,Trig 12,0.00031105045
78462,Trig 12,0.00072076137
78463,Trig 12,0.0020533784
78464,Trig 12,0.0003457995
78465,Trig 12,0.003190012
78466,Trig 12,0.00032304777
78467,Trig 12,0.002941153
78470,Trig 12,0.0022302452
78471,Trig 12,0.0018134001
78472,Trig 12,0.00018837539
78479,Trig 12,0.00044007972
78480,Trig 12,0.000826036
78481,Trig 12,0.00047060693
78485,Trig 12,0.0017990784
78486,Trig 12,0.0012258176
78487,Trig 12,0.0034786318
78488,Trig 12,0.002789028
78489,Trig 12,0.002438943
78490,Trig 12,0.0020703347
78491,Trig 12,0.0010940288
78492,Trig 12,0.0016673241
78502,Trig 12,0.0033147556
78503,Trig 12,0.0035854932
78504,Trig 12,0.0028970668
78505,Trig 12,0.0007952986
78507,Trig 12,0.00046487144
78508,Trig 12,0.0023529013
78509,Trig 12,0.00046446206
78510,Trig 12,0.0011556543
78520,Trig 12,0.00048615545
78521,Trig 12,0.003051606
78522,Trig 12,0.0009266138
78523,Trig 12,0.002973866
78524,Trig 12,0.0010440728
78525,Trig 12,0.00011787967
78526,Trig 12,0.00012413267
78527,Trig 12,0.00048930664
78535,Trig 12,0.0007887106
78536,Trig 12,0.0040574656
78537,Trig 12,0.0036856504
78543,Trig 12,0.0012650068
78544,Trig 12,0.00035584203
78545,Trig 12,0.00047685392
78547,Trig 12,0.0011346741
78553,Trig 12,0.0003599103
78555,Trig 12,0.0029558195
78556,Trig 12,0.0031474824
78558,Trig 12,0.0027944767
78559,Trig 12,0.0008363724
78567,Trig 12,0.00031342678
78568,Trig 12,0.0037777035
78571,Trig 12,0.002658518
78572,Trig 12,0.0020634388
78579,Trig 12,0.0027115778
78580,Trig 12,0.0033931264
78584,Trig 12,0.00066900527
78585,Trig 12,0.0024677804
78586,Trig 12,0.0022096678
78587,Trig 12,0.0013590901
78595,Trig 12,0.00062898186
78596,Trig 12,0.00044824023
78597,Trig 12,0.002537873
78602,Trig 12,0.0023277402
78603,Trig 12,0.0029659797
78604,Trig 12,0.0020087475
78613,Trig 12,0.00076230266
78616,Trig 12,0.0025741681
78617,Trig 12,0.0012787196
78638,Trig 12,0.00049578375
78643,Trig 12,0.00084080093
78646,Trig 12,0.002384066
78647,Trig 12,0.0023066525
78648,Trig 12,0.0020058062
78649,Trig 12,0.0012785653
78658,Trig 12,0.0004012734
78659,Trig 12,0.0005039705
78660,Trig 12,0.0038224913
78662,Trig 12,0.0023730544
78681,Trig 12,0.00065368915
78683,Trig 12,0.0030220775
78686,Trig 12,5.6929315e-05
78689,Trig 12,0.0019787897
78697,Trig 12,0.00041690812
78698,Trig 12,0.00066780124
78700,Trig 12,0.0016093391
78703,Trig 12,0.00035587078
78708,Trig 12,0.0026139575
78709,Trig 12,0.002278423
78710,Trig 12,0.00040596665
78711,Trig 12,0.00028816905
78724,Trig 12,0.0006847231
78727,Trig 12,0.0005107307
78728,Trig 12,0.0006054088
78729,Trig 12,0.0026425093
78731,Trig 12,0.0005867121
78732,Trig 12,0.0031801902
78733,Trig 12,0.0023332154
78735,Trig 12,0.0017405212
78736,Trig 12,0.0011780589
78737,Trig 12,0.0016021767
78739,Trig 12,0.0011345539
78740,Trig 12,0.0012605437
78746,Trig 12,0.0005877982
78747,Trig 12,0.0013879909
78748,Trig 12,0.0005172269
78749,Trig 12,0.0017678696
78750,Trig 12,0.0018476796
78751,Trig 12,0.00067287224
78752,Trig 12,0.0003163408
78754,Trig 12,0.0022623658
78758,Trig 12,0.0008924387
78776,Trig 12,0.00065870635
78777,Trig 12,0.00039701184
78778,Trig 12,0.0035577193
78780,Trig 12,0.0015181783
78783,Trig 12,0.0008313762
78784,Trig 12,0.00047886683
78802,Trig 12,0.00053728546
78803,Trig 12,0.0007219997
78805,Trig 12,0.0005181282
78806,Trig 12,0.00037044007
78813,Trig 12,0.0021639955
78814,Trig 12,0.001180135
78818,Trig 12,0.0018637968
78819,Trig 12,0.0018244629
78820,Trig 12,0.0009233513
78834,Trig 12,0.0006551396
78836,Trig 12,0.0026500402
78838,Trig 12,0.00287816
78839,Trig 12,0.0012004927
78840,Trig 12,0.0020499455
78841,Trig 12,0.00030190844
78842,Trig 12,0.0016878083
78843,Trig 12,0.0014723439
78845,Trig 12,0.0018550477
78856,Trig 12,0.0006818244
78858,Trig 12,0.0035510934
78860,Trig 12,0.00084966776
78863,Trig 12,0.0026884242
78864,Trig 12,0.0011596252
78865,Trig 12,0.0015799054
78867,Trig 12,0.0010347546
78868,Trig 12,0.00034796665
78879,Trig 12,0.0006629726
78880,Trig 12,0.0028266527
78881,Trig 12,0.0025221624
78882,Trig 12,0.0004301592
78883,Trig 12,0.002181414
78884,Trig 12,0.0016803993
78885,Trig 12,0.0017002902
78886,Trig 12,0.00067376124
78894,Trig 12,0.0034896992
78895,Trig 12,0.0029135025
78896,Trig 12,0.0014746984
78897,Trig 12,0.0005837674
78901,Trig 12,0.0003017277
78903,Trig 12,0.00034052593
78914,Trig 12,0.0005627533
78915,Trig 12,0.0006809716
78916,Trig 12,0.001944845
78917,Trig 12,0.0008789517
78918,Trig 12,0.0002655533
78920,Trig 12,0.00013966524
78940,Trig 12,0.0008024277
78941,Trig 12,0.0013140813
78942,Trig 12,0.0006947757
78952,Trig 12,0.00022719514
78953,Trig 12,0.0012887775
78954,Trig 12,0.00052547606
