Run,Acceptance,Dead,Hot,Cold,BadChi2
46622,98.96,0.95,0.02,0.01,0.03
46623,98.95,0.95,0.04,0.02,0.02
46640,82.19,0.94,0.06,0.02,16.76
46649,90.73,0.93,0.06,0.03,8.22
46654,92.41,6.9,0.08,0.02,0.57
46655,97.55,0.94,0.07,0.02,1.39
46656,98.66,0.94,0.06,0.02,0.29
46657,97.23,0.94,0.06,0.02,1.72
46661,91.06,0.94,0.07,0.02,7.89
46662,98.91,0.94,0.05,0.01,0.06
46663,82.7,0.93,0.06,0.03,16.25
46665,97.15,0.93,0.06,0.03,1.8
46666,68.61,0.94,0.04,0.02,30.35
46667,96.8,0.94,0.04,0.02,2.17
46668,97.26,0.94,0.05,0.02,1.7
46669,92.93,0.94,0.04,0.02,6.05
46670,97.67,0.94,0.04,0.02,1.3
46675,98.95,0.95,0.04,0.02,0.02
46676,94.8,0.94,0.04,0.03,4.17
46679,98.96,0.93,0.03,0.02,0.03
46681,89.55,0.94,0.04,0.02,9.42
46683,64.84,0.94,0.03,0.02,34.15
46697,97.95,0.94,0.03,0.02,1.02
46699,82.66,0.93,0.06,0.03,16.29
46700,98.9,0.94,0.06,0.02,0.05
46704,83.52,0.93,0.06,0.03,15.43
46706,87.11,0.94,0.06,0.02,11.84
46720,96.89,0.96,0.03,0.01,2.09
46721,98.9,0.94,0.05,0.02,0.07
46733,53.49,0.94,0.05,0.02,45.47
46735,77.75,0.93,0.06,0.02,21.21
46750,98.8,0.93,0.07,0.03,0.14
46751,98.33,0.94,0.06,0.02,0.63
46753,97.2,0.93,0.06,0.02,1.77
46754,98.96,0.94,0.04,0.01,0.02
46755,98.53,0.94,0.06,0.03,0.42
46756,96.95,0.94,0.06,0.02,2.01
46757,91.06,7.18,0.05,0.02,1.66
46759,91.25,0.93,0.06,0.04,7.69
46760,90.99,0.94,0.06,0.03,7.95
46767,94.1,0.94,0.06,0.03,4.84
46769,91.97,7.18,0.05,0.03,0.75
46770,76.69,0.94,0.06,0.03,22.26
46771,89.92,7.16,0.06,0.04,2.79
46772,97.59,0.94,0.06,0.02,1.36
46774,51.1,0.94,0.06,0.01,47.87
46775,97.18,0.94,0.06,0.03,1.77
46816,92.52,7.17,0.06,0.03,0.19
46900,98.97,0.93,0.03,0.02,0.02
46912,97.78,0.94,0.02,0.01,1.22
46913,98.92,0.95,0.04,0.01,0.05
46915,98.98,0.95,0.02,0.01,0.01
46917,98.96,0.94,0.06,0.02,0
46918,98.78,0.94,0.04,0.02,0.19
46929,98.85,0.95,0.06,0.02,0.1
46930,86.5,13.43,0.02,0.01,0.01
46941,98.92,0.93,0.08,0.03,0.01
46943,98.37,0.94,0.06,0.02,0.59
46944,98.11,0.96,0.02,0.01,0.88
46945,98.58,0.93,0.08,0.03,0.35
46946,97.96,0.94,0.07,0.03,0.98
46947,98.93,0.94,0.06,0.02,0.02
46949,98.91,0.93,0.08,0.04,0
46950,98.77,0.94,0.08,0.03,0.15
46951,98.94,0.94,0.06,0.03,0.01
46952,97.45,0.93,0.07,0.03,1.48
46965,98.84,0.94,0.12,0.02,0.06
46967,98.84,0.93,0.09,0.02,0.09
46968,98.12,0.94,0.11,0.02,0.79
47002,96.01,0.93,0.11,0.04,2.88
47005,88.37,0.94,0.1,0.02,10.54
47006,95.95,0.93,0.13,0.03,2.93
47007,97.78,0.93,0.13,0.03,1.11
47008,73,13.16,0.08,0.03,13.7
47009,88.82,0.93,0.13,0.03,10.06
47014,93.14,0.93,0.09,0.02,5.79
47017,91.91,0.93,0.13,0.03,6.98
47019,96.31,0.93,0.12,0.03,2.58
47022,93.69,0.94,0.11,0.02,5.21
47032,97.6,0.93,0.13,0.03,1.28
47033,97.58,0.93,0.1,0.03,1.33
47034,98.33,0.93,0.12,0.03,0.56
47036,90.95,0.94,0.12,0.02,7.95
47037,97.18,0.93,0.12,0.03,1.72
47038,98.22,0.94,0.06,0.02,0.73
47040,97.47,0.94,0.1,0.02,1.44
47041,97.63,0.94,0.11,0.03,1.26
47042,84.17,0.94,0.09,0.02,14.76
47043,95.28,0.94,0.12,0.02,3.62
47050,93.99,0.93,0.11,0.03,4.9
47051,96.43,0.93,0.13,0.04,2.45
47052,59.3,0.94,0.12,0.02,39.59
47053,91.91,0.94,0.13,0.02,6.98
47055,92.35,0.94,0.13,0.03,6.53
47056,94.99,0.93,0.11,0.03,3.91
47057,75.78,0.93,0.09,0.01,23.16
47058,91.34,0.94,0.11,0.01,7.58
47060,91.84,0.93,0.12,0.03,7.05
47061,92.04,0.93,0.12,0.03,6.85
47064,91.19,0.93,0.12,0.03,7.7
47066,94.85,0.93,0.12,0.04,4.03
47068,94.35,0.94,0.1,0.02,4.56
47089,95.66,0.94,0.05,0.01,3.31
47098,94.9,0.93,0.06,0.02,4.06
47100,95.24,0.93,0.11,0.03,3.66
47101,96.2,0.94,0.1,0.02,2.72
47102,86.75,0.94,0.11,0.02,12.14
47103,92.97,6.9,0.08,0.02,0
47104,94.52,0.93,0.12,0.03,4.37
47114,97.76,0.94,0.11,0.02,1.15
47115,96.28,0.93,0.12,0.02,2.61
47116,97.37,0.93,0.12,0.03,1.52
47123,96.5,0.93,0.11,0.03,2.4
47124,95.46,0.93,0.11,0.04,3.43
47125,96.41,0.93,0.12,0.03,2.48
47126,97.94,0.94,0.1,0.02,0.97
47129,96.74,0.93,0.1,0.03,2.16
47130,95.64,0.93,0.11,0.03,3.25
47131,95.15,0.93,0.12,0.03,3.74
47133,73.63,0.93,0.09,0.03,25.29
47135,97.93,0.93,0.11,0.02,0.98
47136,98.87,0.94,0.08,0.02,0.06
47137,97.99,0.93,0.1,0.03,0.92
47138,95.04,0.93,0.11,0.03,3.86
47139,97.59,0.93,0.1,0.03,1.31
47140,97.23,0.93,0.11,0.04,1.66
47141,96.52,0.94,0.09,0.02,2.4
47143,96.36,0.93,0.1,0.03,2.55
47146,91.67,7.18,0.09,0.01,1.02
47153,97.81,0.94,0.11,0.03,1.09
47155,95.34,0.93,0.12,0.04,3.55
47156,96.59,0.93,0.12,0.03,2.3
47158,94.73,0.93,0.11,0.03,4.17
47160,93.38,0.94,0.11,0.03,5.52
47161,91.3,0.93,0.11,0.04,7.59
47162,91.22,0.93,0.11,0.03,7.68
47198,96.93,0.93,0.1,0.03,1.98
47201,89.43,0.94,0.11,0.02,9.47
47202,98.73,0.93,0.1,0.03,0.18
47203,97.23,0.93,0.11,0.03,1.67
47204,94.95,0.94,0.1,0.02,3.96
47211,95.2,0.93,0.09,0.03,3.72
47216,93.68,0.93,0.07,0.03,5.26
47218,97.07,0.93,0.06,0.03,1.87
47219,95.27,0.93,0.07,0.03,3.68
47220,90.84,0.94,0.06,0.02,8.11
47229,91.64,0.93,0.06,0.04,7.3
47230,92.87,0.94,0.07,0.02,6.07
47288,50.11,0.93,0.18,0.03,48.73
47289,75.15,0.93,0.18,0.02,23.68
47293,85.77,0.93,0.18,0.03,13.07
47297,44.21,0.93,0.16,0.02,54.65
47303,61.89,0.93,0.19,0.02,36.95
47305,98.79,0.94,0.16,0.01,0.07
47306,60.5,0.93,0.2,0.03,38.31
47308,29.82,0.94,0.17,0.01,69.03
47310,51.24,0.93,0.19,0.02,47.58
47312,56.32,0.94,0.18,0.01,42.52
47313,61.47,0.94,0.21,0.02,37.34
47314,54.25,0.93,0.19,0.02,44.58
47315,76,0.93,0.19,0.02,22.82
47316,70.9,0.94,0.19,0.02,27.93
47323,52.14,0.94,0.19,0.02,46.68
47325,53.19,0.94,0.16,0.01,45.67
47330,83.27,0.94,0.17,0.01,15.58
47332,61.27,0.93,0.19,0.02,37.56
47333,67.43,0.93,0.2,0.03,31.38
47334,51.56,0.93,0.18,0.03,47.27
47352,98.43,1.34,0.18,0.02,0
47357,98.84,0.94,0.19,0.01,0
47360,98.82,0.94,0.19,0.03,0
47363,98.77,0.93,0.17,0.03,0.06
47375,62.88,0.94,0.15,0.01,35.99
47376,98.84,0.94,0.18,0.01,0
47377,98.84,0.94,0.16,0.02,0.02
47378,98.85,0.94,0.17,0.02,0
47379,98.85,0.94,0.17,0.02,0
47380,98.75,0.94,0.18,0.01,0.09
47381,98.84,0.93,0.18,0.03,0
47382,98.7,0.94,0.18,0.02,0.13
47389,98.84,0.94,0.13,0.02,0.04
47391,98.85,0.94,0.17,0.02,0
47393,97.9,0.94,0.18,0.02,0.93
47394,98.84,0.94,0.19,0.01,0
47395,98.85,0.94,0.18,0.02,0
47396,98.84,0.94,0.18,0.02,0
47397,91.07,0.94,0.19,0.02,7.75
47398,98.81,0.94,0.15,0.01,0.06
47399,98.81,0.93,0.18,0.03,0.02
47440,98.85,0.94,0.17,0.02,0
47443,98.85,0.94,0.17,0.02,0
47445,98.84,0.94,0.16,0.02,0.02
47450,98.79,0.94,0.17,0.01,0.06
47451,98.84,0.94,0.18,0.01,0
47453,98.77,0.94,0.18,0.01,0.08
47454,98.85,0.94,0.17,0.01,0
47455,98.86,0.94,0.17,0.01,0
47456,82.98,0.93,0.15,0.02,15.89
47457,98.85,0.94,0.18,0.01,0
47458,98.83,0.94,0.19,0.03,0
47459,98.83,0.94,0.19,0.02,0
47460,98.79,0.94,0.17,0.01,0.07
47461,98.86,0.94,0.17,0.01,0
47463,98.86,0.94,0.17,0.01,0
47464,98.85,0.94,0.17,0.02,0
47474,98.85,0.93,0.17,0.02,0
47476,94.71,0.94,0.17,0.02,4.13
47478,98.43,0.93,0.18,0.03,0.4
47480,98.85,0.94,0.17,0.02,0
47481,94.51,0.94,0.17,0.02,4.33
47482,98.78,0.94,0.18,0.01,0.06
47484,98.22,0.94,0.17,0.02,0.62
47485,98.39,0.94,0.18,0.01,0.45
47486,98.75,0.94,0.19,0.02,0.09
47489,98.85,0.94,0.17,0.02,0
47491,98.86,0.94,0.17,0.01,0
47492,98.86,0.93,0.16,0.02,0
47494,98.84,0.95,0.17,0.02,0
47495,98.86,0.94,0.16,0.02,0
47497,98.87,0.94,0.15,0.01,0
47501,98.8,0.94,0.19,0.02,0.03
47502,98.84,0.94,0.18,0.01,0
47503,98.7,1.07,0.19,0.02,0
47505,98.68,1.07,0.17,0.02,0.04
47506,98.73,1.07,0.17,0.01,0
47507,98.73,1.07,0.17,0.01,0
47509,98.71,1.07,0.18,0.02,0
47513,98.85,0.94,0.18,0.02,0
47514,98.87,0.94,0.15,0.01,0
47516,98.88,0.94,0.15,0.02,0
47517,98.88,0.94,0.14,0.01,0
47519,98.87,0.94,0.15,0.01,0
47521,98.83,0.94,0.15,0.01,0.04
47522,98.86,0.94,0.13,0.01,0.03
47524,98.86,0.94,0.16,0.02,0
47525,98.87,0.94,0.15,0.01,0.01
47532,98.8,0.94,0.18,0.02,0.04
47538,98.86,0.94,0.17,0.01,0
47540,98.87,0.94,0.15,0.02,0
47547,94.2,0.94,0.14,0.02,4.68
47548,98.66,0.94,0.14,0.01,0.21
47549,98.88,0.94,0.15,0.01,0
47552,98.88,0.94,0.15,0.01,0
47557,98.87,0.94,0.15,0.02,0
47563,98.05,1.9,0.01,0,0.01
47564,91.76,7.93,0.28,0,0.01
47565,94.18,3.72,0.27,0,1.81
47566,98.79,0.94,0.15,0.01,0.08
47567,98.8,0.95,0.13,0.02,0.08
47568,98.89,0.94,0.14,0.01,0
47582,98.49,1.34,0.15,0,0
47601,98.51,1.34,0.13,0,0
47628,97.59,1.34,0.15,0,0.91
47634,98.89,0.94,0.14,0,0
47635,98.87,0.94,0.15,0.02,0
47636,98.88,0.94,0.14,0.02,0
47637,98.87,0.94,0.15,0.02,0
47638,98.9,0.95,0.13,0.01,0
47650,98.86,0.94,0.16,0.02,0
47654,98.79,0.94,0.15,0.01,0.09
47656,98.81,0.94,0.15,0.01,0.07
47657,98.85,0.94,0.16,0.02,0
47658,98.88,0.94,0.15,0.01,0
47659,98.86,0.94,0.14,0.02,0.02
47661,98.88,0.94,0.14,0.01,0
47662,98.89,0.94,0.14,0.01,0
47663,98.88,0.94,0.13,0.01,0.01
47664,98.86,0.94,0.14,0.02,0.01
47666,98.9,0.94,0.13,0.01,0
47667,98.88,0.94,0.15,0.01,0
47698,98.86,0.94,0.15,0.02,0.01
47714,96.01,0.94,0.12,0.02,2.89
47715,98.88,0.94,0.13,0.01,0.02
47716,98.9,0.94,0.13,0.01,0
47717,98.9,0.94,0.1,0.02,0.01
47719,98.91,0.94,0.12,0.01,0
47720,98.9,0.95,0.12,0.01,0
47722,98.9,0.94,0.13,0.01,0
47723,98.89,0.94,0.13,0.02,0
47724,98.92,0.94,0.11,0.01,0
47725,98.89,0.94,0.12,0.01,0.02
47726,98.92,0.94,0.1,0.01,0
47727,98.92,0.94,0.11,0.01,0
47728,98.9,0.95,0.1,0.02,0.02
47729,98.16,0.94,0.11,0.01,0.75
47730,98.73,0.94,0.1,0.01,0.2
47731,98.88,0.94,0.11,0,0.04
47732,98.93,0.95,0.1,0,0
47733,98.92,0.95,0.11,0,0
47741,94.47,0.94,1.59,0.02,2.96
47744,97.33,0.94,1.67,0.01,0.02
47745,97.36,0.94,1.66,0.02,0
47746,97.36,0.94,1.67,0.01,0
47747,97.39,0.94,1.64,0.01,0
47748,97.22,0.94,1.65,0.01,0.15
47749,92.56,0.94,1.66,0,4.82
47751,97.38,0.94,1.64,0.01,0
47753,94.84,3.56,1.58,0,0
47757,97.37,0.94,1.66,0.02,0
47758,97.37,0.94,1.65,0.02,0
47769,98.81,0.94,0.21,0.01,0
47777,98.84,0.94,0.17,0.01,0.01
47778,98.8,0.94,0.19,0.01,0.03
47783,98.85,0.94,0.18,0.01,0
47791,98.5,1.34,0.15,0,0
47807,98.84,0.94,0.17,0,0.03
47810,98.5,1.34,0.15,0,0
47824,98.48,1.34,0.16,0,0
47831,96.75,0.94,0.18,0.01,2.1
47834,98.81,0.94,0.15,0.01,0.06
47836,98.25,1.34,0.15,0,0.24
47841,98.84,0.94,0.15,0.01,0.04
47844,98.84,0.94,0.15,0,0.03
47846,98.82,0.95,0.17,0,0.03
47848,98.84,0.95,0.15,0.01,0.03
47852,95.33,1.34,0.1,0,3.2
47855,98.81,0.94,0.17,0,0.04
47856,97.61,1.34,0.11,0,0.92
47867,98.81,0.94,0.15,0,0.07
47869,98.01,1.34,0.11,0,0.52
47873,98.52,1.34,0.12,0,0
47883,97.36,0.94,1.66,0.02,0
47889,98.88,0.94,0.14,0.01,0
47890,98.55,1.34,0.09,0,0
47892,98.89,0.94,0.14,0.01,0
47893,98.83,0.94,0.19,0.01,0
47939,98.94,0.95,0.02,0.01,0.06
47940,98.43,1.34,0.13,0,0.08
47944,98.48,1.34,0.16,0,0
47946,98.79,0.94,0.12,0.02,0.1
47962,98.9,0.94,0.12,0.01,0
47964,98.8,0.94,0.11,0.02,0.1
47966,98.87,0.94,0.15,0.02,0
47972,98.49,1.34,0.15,0,0
47975,98.49,1.34,0.15,0,0
47976,98.47,1.34,0.15,0.02,0
47977,98.49,1.34,0.14,0,0
47978,98.47,1.34,0.16,0.01,0
47979,98.46,1.34,0.17,0.01,0
47982,98.84,0.94,0.17,0.02,0
47999,98.24,1.34,0.15,0.24,0
48001,98.23,1.34,0.16,0.24,0
48002,98.24,1.34,0.15,0.24,0
48008,98.21,1.34,0.17,0.25,0
48011,98.23,1.34,0.16,0.24,0
48073,98.93,0.95,0.09,0.01,0
48076,98.84,0.94,0.09,0.01,0.09
48079,96.85,0.94,0.08,0.01,2.09
48080,98.9,0.94,0.1,0.01,0.02
48082,98.92,0.94,0.1,0.01,0
48084,98.55,1.34,0.09,0,0
48085,98.93,0.94,0.1,0.01,0
48086,98.9,0.94,0.13,0.01,0
48088,98.72,0.94,0.17,0.01,0.13
48089,98.85,0.94,0.18,0.01,0
48097,98.5,1.34,0.08,0.01,0.04
48099,98.93,0.94,0.1,0.02,0
48100,98.79,0.94,0.09,0.01,0.14
48166,98.91,0.94,0.04,0.02,0.07
48173,98.79,0.95,0.15,0,0.09
48177,98.87,0.94,0.16,0.01,0
48178,98.8,0.94,0.16,0.01,0.06
48180,98.79,0.94,0.19,0.01,0.04
48181,98.84,0.94,0.18,0.02,0
48185,98.49,1.34,0.15,0,0
48230,98.84,0.94,0.17,0.02,0
48231,98.84,0.95,0.05,0.01,0.13
48233,98.87,0.94,0.16,0.01,0
48234,98.85,0.94,0.18,0.01,0
48236,98.84,0.94,0.18,0.02,0
48237,98.84,0.94,0.19,0.01,0
48239,98.85,0.94,0.17,0.01,0
48240,98.84,0.94,0.19,0.01,0
48241,98.82,0.94,0.14,0.01,0.06
48244,98.87,0.95,0.05,0.02,0.09
48245,98.88,0.94,0.15,0.02,0
48246,98.47,1.34,0.16,0,0
48253,98.84,0.94,0.18,0.01,0
48255,98.84,0.94,0.18,0.02,0
48256,98.87,0.95,0.15,0.01,0
48257,98.82,0.94,0.21,0.01,0
48258,98.83,0.94,0.19,0.01,0
48259,98.49,1.34,0.15,0,0
48260,98.85,0.94,0.18,0.01,0
48261,98.84,0.94,0.19,0.01,0
48262,98.84,0.94,0.19,0.01,0
48263,98.84,0.94,0.2,0,0
48265,98.84,0.94,0.18,0.01,0
48282,98.85,0.95,0.04,0.01,0.13
48285,98.9,0.95,0.04,0,0.08
48286,98.91,0.98,0.03,0.04,0.02
48287,98.83,0.94,0.14,0.01,0.05
48290,98.46,1.34,0.16,0.02,0
48291,98.84,0.94,0.18,0.02,0
48293,98.86,0.94,0.17,0.02,0
48294,98.87,0.95,0.16,0,0
48295,98.73,1.07,0.15,0.02,0
48307,98.85,0.94,0.17,0.01,0.01
48312,98.47,1.34,0.17,0,0
48313,98.86,0.94,0.17,0.02,0
48318,98.84,0.94,0.14,0.02,0.04
48320,98.86,0.94,0.17,0.02,0
48323,98.87,0.94,0.17,0,0
48325,98.87,0.94,0.15,0.01,0
48326,98.88,0.94,0.15,0.01,0
48327,98.78,0.94,0.14,0.01,0.11
48335,98.94,0.95,0.03,0.01,0.04
48336,98.52,1.34,0.11,0,0
48337,98.9,0.94,0.12,0.01,0
48338,98.81,0.94,0.13,0.01,0.08
48341,98.87,0.95,0.14,0,0.02
48342,98.9,0.94,0.13,0,0
48343,98.88,0.95,0.15,0,0
48344,53.94,0.94,0.15,0.01,44.93
48346,98.9,0.94,0.13,0.01,0
48347,98.88,0.94,0.13,0.02,0
48348,98.89,0.94,0.14,0.01,0
48349,98.87,0.94,0.16,0.01,0
48352,98.88,0.95,0.15,0,0
48356,98.87,0.94,0.15,0.02,0
48357,98.87,0.94,0.15,0.01,0
48358,98.85,0.94,0.17,0.01,0
48359,98.88,0.94,0.15,0.01,0
48360,98.48,0.94,0.14,0.01,0.4
48364,98.46,1.34,0.17,0.01,0
48366,98.87,0.94,0.16,0.01,0
48367,98.88,0.94,0.14,0.02,0
48368,98.23,1.34,0.3,0.1,0
48369,98.84,0.94,0.17,0.04,0
48398,98.88,0.94,0.15,0.01,0
48409,98.88,0.94,0.14,0.02,0
48410,98.89,0.94,0.13,0.02,0
48412,98.89,0.95,0.14,0,0
48416,98.9,0.95,0.13,0.01,0
48417,98.86,0.94,0.16,0.02,0
48418,98.89,0.94,0.14,0.01,0
48421,98.87,0.94,0.15,0.02,0
48422,98.87,0.94,0.1,0.01,0.06
48423,98.88,0.94,0.15,0.02,0
48426,0,99.99,0,0,0
48445,88.04,0.94,10.68,0.04,0.28
48454,98.81,0.95,0.15,0.01,0.06
48455,98.86,0.94,0.15,0.02,0
48456,98.87,0.94,0.15,0.02,0
48459,98.79,0.94,0.14,0.02,0.08
48461,98.83,0.94,0.2,0.01,0
48462,98.81,0.94,0.21,0.01,0
48469,98.87,0.94,0.16,0.01,0
48471,98.47,1.34,0.16,0.02,0
48510,98.49,1.34,0.15,0,0
48511,98.46,1.34,0.17,0.01,0
48512,98.49,1.34,0.14,0,0
48513,98.48,1.34,0.16,0,0
48514,98.47,1.34,0.16,0.01,0
48516,98.47,1.34,0.16,0,0
48518,98.45,1.34,0.17,0.02,0
48519,98.46,1.34,0.17,0.01,0
48520,98.46,1.34,0.17,0.01,0
48521,98.46,1.34,0.17,0.01,0
48522,98.44,1.34,0.18,0.01,0
48529,98.48,1.34,0.16,0,0
48530,98.47,1.34,0.16,0.01,0
48531,98.47,1.34,0.15,0.02,0
48532,98.47,1.34,0.16,0.02,0
48533,98.45,1.34,0.17,0.01,0
48536,98.87,0.94,0.16,0.01,0
48634,98.54,1.2,0.15,0.02,0.07
48635,98.61,1.19,0.16,0.02,0
48636,98.61,1.19,0.16,0.02,0
48638,98.6,1.18,0.17,0.04,0
48645,98.62,1.19,0.15,0.03,0
48656,98.61,1.19,0.15,0.03,0
48657,98.6,1.17,0.16,0.05,0
48658,98.6,1.17,0.15,0.05,0
48660,98.6,1.19,0.17,0.03,0
48701,98.61,1.18,0.15,0.04,0
48720,98.61,1.17,0.15,0.05,0
48721,98.62,1.15,0.15,0.06,0
48722,98.62,1.19,0.15,0.02,0
48724,98.53,1.19,0.13,0.03,0.1
48725,98.6,1.17,0.15,0.06,0
48726,98.63,1.18,0.14,0.04,0
48727,98.61,1.18,0.15,0.04,0
48730,98.6,1.18,0.16,0.03,0
48731,98.6,1.15,0.16,0.07,0
48732,98.61,1.18,0.16,0.04,0
48733,98.46,1.19,0.16,0.03,0.15
48734,98.61,1.19,0.15,0.02,0
48736,98.62,1.19,0.13,0.04,0
48742,98.62,1.2,0.14,0.02,0
48743,98.62,1.19,0.15,0.02,0
48745,98.61,1.19,0.15,0.03,0
48746,98.61,1.2,0.15,0.01,0
48801,98.62,1.19,0.14,0.03,0
48803,98.62,1.2,0.14,0.02,0
48805,98.61,1.17,0.15,0.05,0
48806,98.63,1.19,0.14,0.02,0
48807,98.63,1.18,0.13,0.04,0
48808,98.55,1.2,0.13,0.02,0.08
48810,98.61,1.2,0.16,0.01,0
48811,98.61,1.18,0.15,0.04,0
48813,98.63,1.18,0.14,0.03,0
48824,98.61,1.19,0.16,0.03,0
48826,98.62,1.2,0.15,0.02,0
48828,98.66,1.2,0.11,0.01,0
48829,98.66,1.2,0.12,0.01,0
48832,98.63,1.2,0.13,0.01,0
48836,98.63,1.2,0.13,0.03,0
48838,98.68,1.2,0.09,0.02,0
48839,98.65,1.2,0.11,0.02,0
48859,98.66,1.18,0.04,0.04,0.05
48861,98.62,1.2,0.14,0.02,0
48863,98.64,1.19,0.13,0.02,0
48864,98.6,1.12,0.15,0.11,0
48865,98.64,1.18,0.13,0.02,0
48867,98.6,1.13,0.15,0.1,0
48868,98.62,1.15,0.13,0.08,0
48869,98.63,1.16,0.13,0.06,0
48870,98.64,1.18,0.12,0.04,0
48872,98.62,1.15,0.13,0.08,0
48873,98.63,1.15,0.13,0.07,0
48874,98.62,1.14,0.13,0.08,0
48877,98.63,1.16,0.14,0.05,0
48883,98.58,1.12,0.17,0.11,0
48884,98.58,1.15,0.16,0.08,0
48885,98.62,1.17,0.15,0.05,0
48891,98.6,1.17,0.15,0.06,0
48892,98.61,1.18,0.16,0.04,0
48893,98.62,1.16,0.15,0.06,0
48894,98.61,1.17,0.15,0.06,0
48895,98.6,1.17,0.16,0.06,0
48896,98.55,1.18,0.14,0.03,0.08
48897,98.6,1.12,0.15,0.11,0
48899,98.6,1.17,0.16,0.05,0
48900,98.6,1.15,0.15,0.08,0
48901,98.61,1.19,0.15,0.03,0
48902,98.6,1.15,0.15,0.08,0
48903,98.63,1.2,0.14,0.02,0
48918,98.6,1.17,0.15,0.05,0.02
48934,98.47,1.18,0.17,0.04,0.12
48935,98.57,1.14,0.18,0.08,0
48936,98.59,1.2,0.12,0.02,0.04
48938,98.57,1.11,0.18,0.11,0
48940,98.57,1.13,0.18,0.1,0
48943,98.58,1.13,0.17,0.09,0
48946,98.57,1.12,0.19,0.1,0
48948,91.55,8.42,0.02,0,0
48949,98.59,1.15,0.17,0.06,0
48951,98.59,1.16,0.17,0.06,0
48971,98.59,1.13,0.17,0.08,0
48976,98.58,1.15,0.17,0.07,0
48981,98.56,1.18,0.15,0.04,0.04
48982,98.59,1.13,0.16,0.1,0
48983,98.6,1.18,0.16,0.04,0
48984,98.59,1.18,0.17,0.04,0
48985,98.6,1.17,0.16,0.06,0
48986,98.62,1.18,0.14,0.04,0
48987,98.61,1.2,0.15,0.02,0
48988,98.6,1.18,0.15,0.06,0
48990,98.62,1.18,0.14,0.04,0
48991,98.63,1.19,0.13,0.03,0
49017,98.55,1.16,0.18,0.07,0.02
49023,98.59,1.06,0.17,0.16,0
49026,98.57,1.13,0.18,0.1,0
49027,98.6,1.13,0.16,0.09,0
49028,98.52,1.18,0.16,0.04,0.07
49029,98.58,1.12,0.17,0.11,0
49030,98.58,1.12,0.17,0.11,0
49031,98.6,1.09,0.15,0.13,0
49035,98.65,1.17,0.11,0.05,0
49038,98.47,1.34,0.13,0.03,0
49042,98.64,1.15,0.12,0.07,0
49044,98.66,1.18,0.1,0.03,0
49045,98.64,1.15,0.12,0.07,0
49047,98.62,1.2,0.07,0.01,0.08
49048,98.61,1.19,0.09,0.03,0.06
49050,98.55,1.2,0.09,0.02,0.1
49052,98.64,1.2,0.08,0.02,0.04
49053,98.65,1.13,0.11,0.08,0
49054,98.67,1.16,0.1,0.06,0
49060,98.58,1.11,0.19,0.11,0
49061,98.58,0.98,0.18,0.24,0
49062,98.6,1.06,0.17,0.15,0
49063,98.6,1.07,0.17,0.14,0
49065,98.59,1.09,0.17,0.13,0
49066,98.61,1.11,0.16,0.1,0
49067,98.6,1.08,0.16,0.14,0
49069,98.61,1.02,0.16,0.2,0
49070,98.6,1.1,0.16,0.12,0
49071,98.61,1.13,0.15,0.09,0
49072,98.61,1.09,0.16,0.13,0
49073,98.6,1.12,0.16,0.1,0
49098,98.6,1.17,0.17,0.04,0
49099,98.57,1.03,0.19,0.19,0
49100,98.6,1.1,0.17,0.12,0
49103,98.53,1.2,0.15,0.02,0.08
49109,98.54,1.18,0.16,0.04,0.06
49111,98.59,0.99,0.17,0.22,0
49113,98.6,1.09,0.16,0.13,0
49116,98.6,1.01,0.17,0.21,0
49118,98.59,1.1,0.17,0.11,0
49121,98.58,1.01,0.19,0.21,0
49124,98.53,1.18,0.16,0.04,0.06
49125,98.58,1.03,0.18,0.19,0
49127,98.58,1,0.18,0.22,0
49128,98.59,1.04,0.18,0.17,0
49133,98.61,1.09,0.16,0.12,0
49136,98.6,1,0.17,0.21,0
49138,98.61,1.07,0.15,0.14,0
49140,98.62,1.12,0.15,0.1,0
49141,98.61,1.07,0.16,0.15,0
49143,98.62,1.14,0.15,0.07,0
49148,98.44,1.34,0.17,0.02,0
49155,98.62,1.16,0.14,0.05,0
49157,98.62,1.03,0.14,0.18,0
49159,98.62,1.06,0.15,0.16,0
49164,98.57,1.2,0.13,0.01,0.07
49165,98.62,1.16,0.15,0.06,0
49216,98.49,1.17,0.16,0.06,0.1
49217,98.55,1.09,0.19,0.15,0
49218,98.59,1.15,0.17,0.08,0
49219,98.56,0.98,0.18,0.26,0
49220,98.31,1.02,0.43,0.21,0
49224,98.57,1.12,0.17,0.12,0
49226,98.57,1.08,0.18,0.16,0
49227,98.57,1.05,0.17,0.19,0
49228,98.57,1.04,0.17,0.19,0
49229,98.57,0.98,0.17,0.25,0
49230,98.58,1.11,0.17,0.12,0
49233,98.59,1.18,0.17,0.05,0
49238,98.58,1.16,0.18,0.06,0
49239,98.5,1.18,0.17,0.04,0.09
49240,98.55,1.03,0.19,0.21,0
49241,98.55,1.08,0.19,0.16,0
49244,98.56,1.06,0.19,0.18,0
49245,98.57,1.11,0.18,0.13,0
49247,98.57,1.1,0.18,0.13,0
49248,98.57,1,0.18,0.23,0
49249,98.56,1.03,0.18,0.21,0
49250,98.57,1.04,0.18,0.19,0
49251,98.57,1.15,0.18,0.09,0
49254,98.56,1.14,0.18,0.1,0
49262,98.58,1.08,0.17,0.15,0
49263,98.58,1.07,0.17,0.17,0
49264,98.57,1.04,0.17,0.2,0
49265,98.57,0.99,0.17,0.26,0
49266,98.58,1.11,0.17,0.13,0
49267,98.58,1.02,0.15,0.23,0
49268,98.57,1.11,0.16,0.14,0
49269,98.54,1.19,0.15,0.02,0.07
49270,98.58,1.08,0.17,0.15,0
49307,98.56,0.98,0.17,0.26,0
49308,98.58,1.14,0.17,0.09,0
49309,98.57,1.07,0.18,0.17,0
49310,98.57,1.1,0.17,0.14,0
49311,98.61,1.16,0.15,0.06,0
49312,98.56,1.03,0.17,0.21,0
49313,98.57,1.16,0.18,0.07,0
49314,98.57,1.06,0.17,0.18,0
49316,98.57,1.02,0.17,0.21,0
49317,98.59,1.17,0.17,0.06,0
49324,98.55,0.98,0.18,0.27,0
49325,98.55,0.97,0.19,0.28,0
49326,98.61,1.17,0.15,0.05,0
49327,98.59,1.12,0.16,0.1,0
49328,98.59,1.18,0.17,0.04,0
49329,98.57,1.11,0.17,0.13,0
49330,98.57,1.08,0.18,0.15,0
49331,98.57,0.98,0.17,0.26,0
49332,98.6,1.16,0.15,0.06,0
49333,98.56,1.18,0.15,0.04,0.06
49336,98.53,1.18,0.19,0.04,0.04
49337,98.54,1,0.2,0.24,0
49338,98.53,1.16,0.18,0.06,0.04
49339,98.57,1.15,0.18,0.08,0
49340,98.57,1.14,0.17,0.09,0
49341,98.56,1.11,0.18,0.13,0
49343,97.93,1.75,0.28,0.01,0
49345,98.56,1.04,0.19,0.19,0
49346,98.57,1.14,0.18,0.08,0
49347,98.57,1.16,0.18,0.06,0
49348,98.55,1.03,0.19,0.21,0
49349,98.5,1.1,0.21,0.13,0.04
49350,98.48,1.15,0.22,0.08,0.05
49351,98.55,1.09,0.19,0.15,0
49352,98.57,1.05,0.18,0.19,0
49356,98.55,1,0.19,0.24,0
49357,98.56,1.15,0.18,0.08,0.01
49358,98.55,1.01,0.19,0.24,0
49359,98.56,1.02,0.18,0.21,0
49360,98.56,1.08,0.17,0.17,0
49361,98.56,1,0.18,0.24,0
49362,98.59,1.17,0.17,0.05,0
49363,98.6,1.17,0.16,0.06,0
49365,98.57,1.02,0.17,0.22,0
49366,98.57,1.05,0.17,0.19,0
49367,98.59,1.05,0.16,0.19,0
49368,98.58,1.1,0.17,0.13,0
49369,98.58,1.13,0.17,0.09,0
49372,98.53,1.18,0.18,0.05,0.04
49374,98.55,1.03,0.19,0.2,0
49376,98.55,1.04,0.18,0.2,0
49377,98.56,1.1,0.19,0.13,0
49378,98.55,0.99,0.19,0.25,0
49379,98.57,1.11,0.18,0.12,0
49380,98.57,1.04,0.17,0.19,0
49381,98.57,1.07,0.17,0.16,0
49382,98.58,1.06,0.17,0.17,0
49383,98.55,1.04,0.18,0.21,0
49384,98.57,1.1,0.17,0.13,0
49385,98.57,1.04,0.17,0.2,0
49386,98.6,1.17,0.16,0.05,0
49389,98.6,1.15,0.16,0.07,0
49390,98.57,1.09,0.17,0.15,0
49397,89.04,1.1,8.82,0.13,0.88
49398,89.09,1.08,8.79,0.17,0.85
49399,89.13,1.11,8.77,0.12,0.84
49400,88.9,1.13,9.01,0.1,0.84
49403,89.03,1.2,8.83,0.03,0.89
49406,88.77,1.19,9.2,0.03,0.78
49408,84.14,1.2,14.01,0.02,0.59
49432,98.55,1.06,0.18,0.19,0
49433,98.56,0.98,0.18,0.26,0
49434,98.58,0.97,0.17,0.26,0
49435,98.58,1,0.17,0.23,0
49437,98.6,1.13,0.15,0.1,0
49438,98.57,0.99,0.17,0.25,0
49439,98.58,1.12,0.17,0.11,0
49440,98.59,1.1,0.16,0.13,0
49445,98.6,1.14,0.16,0.08,0
49446,98.56,1.08,0.17,0.16,0
49447,98.55,0.98,0.18,0.27,0
49448,98.56,1.02,0.18,0.21,0
49449,98.6,1.15,0.16,0.06,0
49451,98.57,1,0.17,0.23,0
49452,98.58,1.09,0.17,0.14,0
49453,98.58,1.07,0.16,0.17,0
49454,98.57,1.12,0.17,0.13,0
49455,98.6,1.15,0.16,0.06,0
49456,98.56,0.98,0.18,0.26,0
49457,98.57,1.05,0.17,0.19,0
49458,98.55,1.18,0.14,0.04,0.07
49464,98.57,1.01,0.18,0.22,0
49466,98.57,1.09,0.17,0.14,0
49467,98.58,1.09,0.17,0.15,0
49468,98.56,1.02,0.18,0.21,0
49650,98.57,1.14,0.18,0.08,0
49651,98.56,1.18,0.16,0.04,0.04
49652,98.56,1.13,0.19,0.1,0
49653,98.55,1.06,0.19,0.18,0
49655,98.55,0.96,0.19,0.28,0
49656,98.56,1.03,0.18,0.21,0
49658,98.57,1.13,0.18,0.09,0
49659,98.55,1.04,0.19,0.2,0
49660,98.57,1.06,0.17,0.17,0
49661,98.56,1.07,0.19,0.16,0
49662,98.58,1.11,0.17,0.11,0
49663,98.49,1.19,0.17,0.03,0.1
49664,98.57,1.13,0.17,0.1,0
49736,98.56,1.16,0.19,0.07,0
49737,98.55,1,0.19,0.24,0
49741,98.5,1.19,0.15,0.03,0.1
49742,98.58,1.13,0.17,0.1,0
49743,98.58,1.13,0.17,0.09,0
49748,98.51,1.18,0.16,0.04,0.09
49749,98.57,0.99,0.17,0.25,0
49750,98.53,1.18,0.16,0.04,0.07
49751,98.58,1.02,0.17,0.21,0
49752,98.57,1.15,0.18,0.08,0
49756,98.55,1.11,0.19,0.12,0
49757,98.44,1.18,0.17,0.03,0.15
49758,98.57,1.06,0.18,0.17,0
49760,98.55,1.08,0.19,0.15,0
49761,98.57,1.14,0.17,0.08,0
49762,98.58,1.15,0.18,0.08,0
49914,98.31,1.2,0.44,0.03,0
49915,96.93,2.77,0.17,0.02,0.1
49919,98.56,1.2,0.18,0.04,0
49920,98.53,1.2,0.18,0.02,0.04
49922,98.56,1.2,0.18,0.04,0
49923,98.56,1.2,0.18,0.04,0
49925,98.57,1.2,0.17,0.03,0
49926,98.57,1.2,0.17,0.03,0
49928,98.6,1.2,0.17,0.01,0
49929,98.6,1.2,0.17,0.01,0
49930,98.59,1.2,0.16,0.02,0.01
49931,98.58,1.2,0.17,0.02,0
49934,98.56,1.2,0.18,0.04,0
49954,97.76,1.2,0.98,0.04,0
49955,97.77,1.2,0.97,0.02,0.02
49957,97.73,1.2,0.94,0.01,0.09
49959,98.56,1.2,0.18,0.04,0
49962,98.57,1.2,0.18,0.04,0
49964,98.57,1.2,0.17,0.04,0
49966,98.58,1.2,0.17,0.03,0
49967,98.57,1.2,0.17,0.04,0
49968,98.56,1.2,0.17,0.04,0
49969,98.55,1.2,0.18,0.04,0
49970,98.56,1.2,0.17,0.04,0
49971,98.57,1.2,0.16,0.01,0.03
50031,96.74,2.76,0.44,0.04,0
50032,95.46,4.3,0.19,0.04,0
50033,98.58,1.2,0.18,0.02,0
50034,53.84,1.2,0.19,0.04,44.71
50036,54.42,1.21,0.18,0.29,43.88
50045,61.66,1.2,0.17,0.03,36.91
50046,37.38,1.2,0.16,0.03,61.2
50047,35.46,1.2,0.15,0.03,63.13
50068,98.57,1.2,0.18,0.02,0
50069,98.51,1.2,0.17,0.02,0.06
50070,37.83,1.2,0.17,0.03,60.74
50073,37.99,1.2,0.17,0.03,60.58
50076,79.92,1.2,0.17,0.04,18.64
50077,40.18,1.2,0.16,0.01,58.41
50253,98.58,1.2,0.18,0.02,0
50260,98.52,1.2,0.15,0.01,0.09
50262,45.05,1.2,0.18,0.03,53.51
50283,65.12,1.2,0.17,0.03,33.45
50330,86.47,1.2,0.14,0.01,12.15
50340,23.85,1.2,0.15,0.01,74.76
50343,60.48,1.2,0.15,0.04,38.11
50356,81.99,1.2,0.14,0.01,16.63
50376,38.14,1.2,0.17,0.04,60.43
50442,17.83,1.2,0.09,0.01,80.85
50443,98.7,1.21,0.02,0.01,0.04
50463,48.73,1.2,0.18,0.03,49.82
50464,65.79,1.2,0.18,0.04,32.77
50465,19.39,1.2,0.18,0.04,79.16
50466,36.7,1.2,0.19,0.03,61.86
50467,16.78,1.2,0.17,0.03,81.79
50468,24.89,1.2,0.18,0.04,73.66
50470,13.65,1.2,0.17,0.02,84.92
50471,12.51,1.2,0.16,0.02,86.08
50483,44.09,1.2,0.16,0.03,54.5
50489,3.12,1.2,0.19,0.03,95.44
50491,16.36,1.2,0.18,0.03,82.2
50492,30.4,1.2,0.19,0.04,68.15
50494,20.08,1.21,0.17,0.01,78.51
50496,26.66,1.2,0.18,0.04,71.9
50497,21.8,1.2,0.18,0.03,76.77
50500,28.58,1.2,0.19,0.04,69.97
50501,23.23,1.2,0.19,0.04,75.32
50506,98.49,1.2,0.16,0.01,0.11
50507,98.57,1.2,0.15,0.02,0.04
50508,7.77,1.2,0.15,0.02,90.83
50509,27.38,1.21,0.17,0.01,71.21
50516,98.55,1.21,0.13,0.01,0.08
50517,98.57,1.2,0.16,0.01,0.02
50519,98.56,1.2,0.16,0.02,0.03
50520,26.92,1.2,0.17,0.04,71.65
50521,19.48,1.2,0.15,0.02,79.13
50522,17.12,1.2,0.17,0.02,81.46
50526,98.58,1.2,0.16,0.04,0
50527,37.26,1.2,0.17,0.04,61.3
50528,10.41,1.2,0.17,0.02,88.17
50529,39.42,1.2,0.17,0.04,59.16
50531,6.32,1.2,0.16,0.02,92.27
50535,35.01,1.2,0.16,0.03,63.57
50536,20.29,1.2,0.17,0.04,78.28
50545,13.24,1.2,0.17,0.04,85.33
50546,98.58,1.2,0.17,0.03,0
50548,94.61,1.2,0.18,0.03,3.95
50549,90.84,1.2,0.17,0.03,7.73
50550,71.18,1.2,0.17,0.04,27.38
50551,11.76,1.2,0.18,0.02,86.82
50554,77.61,1.2,0.18,0.04,20.95
50558,71.43,1.2,0.18,0.04,27.13
50560,87.7,1.2,0.18,0.04,10.86
50561,98.57,1.2,0.17,0.04,0
50563,98.59,1.2,0.17,0.01,0
50564,98.59,1.2,0.17,0.02,0
50565,76.96,1.2,0.18,0.04,21.61
50569,84.86,1.2,0.17,0.02,13.72
50570,77.75,1.2,0.16,0.03,20.83
50595,98.51,1.2,0.18,0.03,0.05
50597,98.58,1.2,0.17,0.03,0
50598,98.58,1.2,0.17,0.03,0
50599,98.56,1.2,0.18,0.04,0
50600,98.58,1.2,0.17,0.04,0
50601,98.57,1.2,0.17,0.03,0
50602,98.57,1.2,0.17,0.04,0
50603,98.56,1.2,0.18,0.04,0
50604,98.61,1.2,0.16,0.01,0
50605,98.57,1.2,0.18,0.03,0
50606,98.59,1.2,0.16,0.03,0
50607,98.59,1.2,0.16,0.02,0
50613,98.52,1.2,0.19,0.04,0.03
50614,98.53,1.2,0.18,0.04,0.03
50615,98.52,1.2,0.19,0.03,0.03
50617,98.55,1.2,0.17,0.03,0.03
50650,98.56,1.2,0.16,0.02,0.04
50653,98.51,1.2,0.17,0.02,0.06
50655,98.54,1.2,0.17,0.04,0.03
50658,98.52,1.2,0.18,0.04,0.03
50659,98.5,1.2,0.17,0.01,0.09
50660,98.55,1.2,0.17,0.02,0.03
50661,98.55,1.2,0.17,0.01,0.04
50662,98.55,1.2,0.18,0.02,0.03
50663,98.53,1.2,0.18,0.03,0.03
50664,98.53,1.2,0.17,0.04,0.03
50665,98.56,1.2,0.16,0.02,0.03
50666,98.55,1.2,0.17,0.02,0.03
50668,98.53,1.2,0.17,0.04,0.03
50670,98.54,1.2,0.17,0.03,0.04
50671,98.54,1.2,0.17,0.04,0.03
50672,98.48,1.2,0.17,0.02,0.11
50673,98.55,1.2,0.17,0.04,0.03
50674,98.55,1.2,0.17,0.02,0.03
50675,98.55,1.2,0.16,0.03,0.03
50676,98.55,1.2,0.17,0.02,0.03
50677,98.57,1.2,0.16,0.02,0.03
50678,98.57,1.2,0.15,0.03,0.03
50679,98.55,1.2,0.16,0.03,0.03
50853,98.54,1.2,0.17,0.03,0.03
50856,98.47,1.2,0.16,0.02,0.13
50857,98.52,1.2,0.18,0.04,0.03
50858,98.47,1.2,0.16,0.02,0.12
50868,96.92,2.75,0.17,0.02,0.13
50873,96.98,2.77,0.18,0.03,0.03
50874,98.52,1.2,0.19,0.04,0.03
50875,98.51,1.2,0.2,0.04,0.03
50885,98.54,1.2,0.17,0.03,0.03
50886,98.52,1.2,0.18,0.05,0.03
50887,98.53,1.2,0.18,0.03,0.03
50889,98.55,1.2,0.18,0.01,0.03
50891,98.64,1.21,0.03,0.02,0.08
50896,98.69,1.22,0.03,0,0.03
50897,98.32,1.44,0.16,0.02,0.03
50950,98.49,1.2,0.2,0.04,0.04
50959,98.41,1.2,0.2,0.02,0.14
50962,98.49,1.2,0.21,0.04,0.04
50965,98.51,1.2,0.2,0.02,0.04
50969,98.49,1.2,0.21,0.03,0.04
50981,98.49,1.2,0.21,0.04,0.04
50987,98.5,1.2,0.19,0.04,0.04
50992,98.49,1.2,0.2,0.04,0.04
50996,98.53,1.2,0.19,0.02,0.04
51012,98.5,1.2,0.19,0.04,0.04
51015,98.49,1.2,0.21,0.04,0.04
51093,98.48,1.2,0.21,0.04,0.05
51095,98.49,1.2,0.14,0.02,0.12
51106,98.5,1.2,0.13,0.03,0.11
51139,98.47,1.2,0.22,0.03,0.06
51152,98.49,1.2,0.21,0.04,0.04
51153,98.48,1.2,0.2,0.04,0.05
51154,98.48,1.2,0.21,0.04,0.04
51158,98.42,1.2,0.19,0.04,0.13
51160,98.47,1.2,0.21,0.04,0.04
51161,98.48,1.2,0.2,0.05,0.04
51162,98.49,1.2,0.19,0.05,0.04
51163,98.49,1.2,0.19,0.02,0.07
51166,98.51,1.2,0.19,0.03,0.05
51167,98.49,1.2,0.19,0.05,0.04
51171,98.59,1.2,0.13,0.02,0.04
51172,98.57,1.2,0.11,0.02,0.06
51176,98.62,1.2,0.09,0.01,0.04
51177,98.6,1.2,0.1,0.02,0.05
51179,98.61,1.2,0.11,0.02,0.04
51183,98.6,1.2,0.11,0.01,0.05
51188,98.6,1.2,0.1,0.02,0.05
51200,98.47,1.2,0.2,0.02,0.08
51201,98.47,1.2,0.19,0.03,0.08
51202,98.47,1.2,0.21,0.02,0.08
51208,98.46,1.2,0.21,0.03,0.08
51209,98.48,1.2,0.19,0.02,0.08
51210,98.47,1.2,0.2,0.03,0.08
51211,98.47,1.2,0.2,0.03,0.08
51212,98.48,1.2,0.19,0.02,0.08
51213,98.49,1.2,0.19,0.02,0.08
51214,98.48,1.2,0.19,0.02,0.08
51215,98.48,1.2,0.19,0.02,0.08
51220,98.45,1.2,0.21,0.04,0.08
51221,98.45,1.2,0.21,0.04,0.08
51222,98.46,1.2,0.21,0.03,0.08
51223,98.57,1.22,0.08,0.02,0.1
51225,98.47,1.2,0.2,0.02,0.08
51229,98.47,1.2,0.2,0.03,0.08
51230,98.47,1.2,0.2,0.03,0.08
51234,98.43,1.2,0.22,0.04,0.08
51235,98.42,1.2,0.19,0.01,0.16
51236,98.45,1.2,0.2,0.04,0.08
51237,98.47,1.2,0.2,0.03,0.08
51274,98.53,1.2,0.18,0.02,0.04
51277,98.49,1.2,0.21,0.02,0.04
51279,98.49,1.2,0.21,0.03,0.04
51281,98.47,1.2,0.22,0.04,0.04
51282,98.48,1.2,0.22,0.04,0.04
51283,98.47,1.2,0.23,0.04,0.04
51285,97.61,1.2,0.21,0.03,0.92
51297,98.47,1.2,0.25,0.02,0.04
51300,98.48,1.2,0.23,0.02,0.04
51301,98.48,1.2,0.23,0.02,0.04
51334,98.57,1.2,0.06,0.02,0.11
51335,98.59,1.2,0.08,0.02,0.08
51337,98.6,1.2,0.08,0.01,0.08
51340,98.18,1.2,0.06,0.02,0.52
51369,98.58,1.21,0.07,0.02,0.1
51370,98.53,1.2,0.08,0.02,0.14
51374,98.5,1.2,0.08,0.01,0.18
51378,98.57,1.2,0.06,0.01,0.13
51429,77.96,21.76,0.12,0.01,0.13
51430,78.01,21.77,0.14,0.01,0.05
51431,78.01,21.77,0.15,0.01,0.04
51432,78.01,21.76,0.14,0.02,0.04
51433,78.02,21.76,0.14,0.01,0.04
51440,96.87,2.77,0.16,0.02,0.16
51444,96.95,2.77,0.16,0.02,0.08
51447,96.97,2.77,0.14,0.02,0.08
51451,96.91,2.77,0.18,0.02,0.09
51452,96.93,2.77,0.19,0.02,0.08
51453,96.85,2.77,0.17,0.01,0.17
51454,96.93,2.76,0.19,0.02,0.08
51457,96.93,2.77,0.15,0.02,0.12
51487,98.51,1.2,0.18,0.01,0.08
51488,98.41,1.2,0.19,0.01,0.15
51489,98.4,1.2,0.21,0,0.16
51490,98.49,1.2,0.19,0.01,0.08
51491,98.47,1.2,0.22,0.01,0.08
51492,98.38,1.2,0.2,0.01,0.19
51493,98.48,1.2,0.2,0.02,0.08
51494,98.49,1.2,0.19,0.02,0.08
51495,98.48,1.2,0.2,0.02,0.08
51499,98.32,1.2,0.3,0.04,0.11
51502,98.15,1.46,0.19,0.01,0.17
51504,98.19,1.46,0.23,0.01,0.08
51506,98.44,1.2,0.19,0,0.14
51507,98.41,1.2,0.18,0.02,0.16
51508,98.46,1.2,0.22,0.02,0.08
51509,98.48,1.2,0.2,0.02,0.07
51510,98.46,1.2,0.21,0.02,0.08
51511,98.47,1.2,0.2,0.02,0.08
51517,98.45,1.2,0.23,0.01,0.08
51518,98.44,1.2,0.24,0.02,0.08
51519,98.39,1.2,0.21,0.01,0.17
51520,98.46,1.2,0.22,0.02,0.08
51562,98.46,1.2,0.22,0.02,0.08
51565,98.49,1.2,0.19,0.02,0.08
51570,98.41,1.2,0.21,0.01,0.14
51571,98.44,1.2,0.19,0.01,0.14
51572,98.41,1.2,0.19,0.02,0.16
51573,98.49,1.2,0.19,0.01,0.08
51574,98.49,1.2,0.19,0.02,0.08
51575,98.49,1.2,0.18,0.01,0.09
51576,82.74,1.2,0.18,0.02,15.84
51605,98.38,1.2,0.2,0.01,0.18
51607,98.33,1.2,0.28,0,0.16
51614,98.46,1.21,0.17,0.01,0.13
51619,98.59,1.2,0.08,0.02,0.08
51709,98.47,1.2,0.21,0.02,0.07
51710,98.47,1.2,0.21,0.02,0.07
51711,98.49,1.2,0.19,0.03,0.07
51713,98.53,1.2,0.13,0.01,0.1
51714,98.53,1.2,0.15,0.02,0.07
51715,98.52,1.2,0.17,0.02,0.07
51716,98.54,1.2,0.14,0.01,0.08
51718,98.54,1.2,0.13,0.02,0.09
51721,98.35,1.2,0.33,0.02,0.07
51725,97.06,1.2,0.33,0.02,1.36
51735,98.43,1.2,0.15,0.02,0.17
51736,98.51,1.2,0.17,0.01,0.08
51740,98.54,1.2,0.11,0.02,0.11
51742,98.56,1.2,0.13,0.02,0.07
51762,98.17,1.2,0.45,0.02,0.13
51764,98.47,1.21,0.19,0.01,0.09
51768,98.58,1.2,0.14,0.01,0.04
51771,97.19,1.2,1.42,0.02,0.14
51777,98.37,1.2,0.32,0.02,0.07
51824,98.34,1.2,0.32,0.02,0.1
51827,98.49,1.2,0.19,0.02,0.07
51830,98.53,1.2,0.15,0.02,0.07
51837,98.49,1.2,0.21,0.01,0.07
51839,98.5,1.2,0.18,0.03,0.07
51841,98.48,1.2,0.12,0.01,0.16
51843,98.52,1.2,0.13,0.02,0.1
51854,98.59,1.2,0.09,0.02,0.07
51855,98.57,1.2,0.07,0.02,0.12
51858,98.58,1.2,0.09,0.03,0.07
51874,98.52,1.2,0.19,0.02,0.04
51881,98.54,1.2,0.16,0.04,0.04
51886,98.57,1.2,0.15,0.02,0.04
51900,98.58,1.2,0.12,0.04,0.04
51901,98.56,1.2,0.08,0.02,0.1
51902,98.59,1.2,0.1,0.04,0.04
51905,98.45,1.2,0.26,0.02,0.04
51907,98.51,1.2,0.19,0.04,0.04
51908,98.52,1.2,0.18,0.03,0.04
51909,98.53,1.2,0.17,0.03,0.04
51914,98.41,1.2,0.3,0.02,0.04
51915,98.51,1.2,0.2,0.03,0.04
51922,98.56,1.2,0.15,0.02,0.04
51923,98.55,1.2,0.1,0.05,0.07
51924,98.55,1.2,0.15,0.02,0.04
51927,98.57,1.2,0.13,0.03,0.04
51928,98.57,1.2,0.12,0.04,0.04
51933,98.33,1.37,0.16,0.01,0.11
51934,98.34,1.37,0.15,0,0.11
51940,98.35,1.36,0.15,0.04,0.07
51945,98.33,1.35,0.15,0.1,0.04
51946,98.33,1.34,0.16,0.1,0.04
51949,98.55,1.2,0.16,0.03,0.04
51952,98.37,1.35,0.12,0.09,0.05
51953,98.49,1.2,0.14,0.03,0.12
51954,98.33,1.34,0.15,0.11,0.03
51958,98.35,1.37,0.1,0.05,0.1
51977,98.49,1.2,0.18,0.02,0.08
51978,98.36,1.34,0.15,0.02,0.1
51982,98.43,1.2,0.19,0.01,0.15
51983,98.52,1.2,0.12,0.02,0.12
51985,98.35,1.34,0.14,0.08,0.06
51986,98.38,1.34,0.12,0.06,0.07
51987,98.36,1.34,0.13,0.07,0.07
51989,98.59,1.21,0.06,0.01,0.11
51990,98.38,1.34,0.11,0.07,0.07
51997,98.33,1.35,0.21,0.02,0.08
51998,98.33,1.34,0.18,0.08,0.05
51999,97.58,1.35,0.19,0.02,0.83
52005,98.34,1.34,0.19,0.06,0.04
52015,98.31,1.34,0.19,0.1,0.04
52018,98.31,1.34,0.17,0.11,0.04
52022,98.33,1.34,0.16,0.11,0.03
52026,98.33,1.34,0.19,0.03,0.07
52030,98.5,1.2,0.18,0.02,0.07
52032,98.36,1.34,0.14,0.06,0.07
52035,98.37,1.34,0.13,0.06,0.07
52036,98.35,1.34,0.11,0.04,0.14
52037,98.54,1.2,0.14,0.02,0.07
52041,98.46,1.2,0.18,0.02,0.12
52044,98.42,1.2,0.19,0.02,0.15
52046,98.5,1.2,0.19,0.01,0.07
52047,98.35,1.34,0.15,0.07,0.06
52048,98.33,1.34,0.16,0.08,0.07
52049,98.53,1.2,0.15,0.02,0.08
52051,98.56,1.2,0.07,0.02,0.11
52052,98.58,1.2,0.1,0.02,0.07
52060,98.16,1.2,0.21,0.27,0.12
52062,98.13,1.6,0.17,0.03,0.04
52067,98.26,1.46,0.2,0.02,0.04
52068,98.24,1.46,0.21,0.02,0.04
52069,98.13,1.6,0.17,0.03,0.04
52077,98.38,1.46,0.06,0.02,0.04
52078,98.37,1.46,0.07,0.03,0.04
52096,98.73,1.22,0.02,0,0.01
52097,98.7,1.2,0.02,0.01,0.04
52099,98.48,1.34,0.12,0.02,0.02
52101,98.48,1.34,0.09,0.02,0.04
52102,98.47,1.34,0.11,0.06,0
52103,98.49,1.34,0.1,0.05,0
52106,98.68,1.21,0.03,0,0.05
52107,98.43,1.34,0.13,0.08,0
52108,98.45,1.34,0.11,0.07,0
52110,98.48,1.34,0.06,0.05,0.04
52111,98.45,1.34,0.12,0.07,0
52112,98.47,1.34,0.05,0.05,0.06
52145,98.5,1.34,0.08,0.05,0
52146,98.47,1.34,0.11,0.06,0
52262,98.29,1.46,0.15,0.02,0.06
52265,97.3,1.34,0.08,0.29,0.96
52266,98.29,1.6,0.06,0.03,0
52269,98.22,1.6,0.09,0.06,0
52270,98.22,1.6,0.1,0.06,0
52271,98.21,1.6,0.1,0.07,0
52278,98.21,1.6,0.1,0.07,0
52286,98.19,1.6,0.13,0.06,0
52288,98.18,1.6,0.13,0.07,0
52289,98.21,1.6,0.1,0.07,0
52290,98.19,1.6,0.07,0.04,0.08
52291,98.22,1.6,0.08,0.07,0
52292,98.2,1.6,0.11,0.07,0
52293,98.4,1.46,0.05,0.02,0.04
52294,98.2,1.6,0.08,0.06,0.03
52296,98.2,1.6,0.05,0.06,0.07
52302,98.6,1.2,0.17,0.01,0
52303,98.55,1.2,0.13,0.01,0.08
52304,98.61,1.2,0.14,0.02,0
52305,98.57,1.2,0.13,0.01,0.06
52306,98.57,1.2,0.11,0.02,0.07
52307,98.57,1.21,0.13,0.01,0.06
52308,98.58,1.2,0.11,0.01,0.07
52309,98.64,1.2,0.12,0.02,0
52314,98.46,1.34,0.11,0.07,0
52315,98.73,1.21,0.01,0.01,0.02
52316,98.64,1.2,0.07,0.01,0.05
52318,98.49,1.34,0.08,0.07,0
52323,98.47,1.34,0.1,0.07,0
52324,98.49,1.34,0.07,0.07,0
52325,98.49,1.34,0.08,0.08,0
52326,98.47,1.34,0.09,0.08,0
52327,98.49,1.34,0.06,0.07,0.01
52331,98.7,1.21,0.02,0.01,0.04
52343,98.66,1.2,0.08,0.02,0.02
52346,98.68,1.2,0.08,0.01,0
52347,98.7,1.2,0.05,0.01,0.01
52348,98.71,1.2,0.05,0.01,0
52349,98.72,1.2,0.05,0.01,0
52357,98.68,1.21,0.03,0.02,0.04
52359,98.73,1.2,0.03,0.02,0
52360,98.72,1.2,0.04,0.02,0
52361,98.71,1.2,0.03,0.03,0
52367,98.62,1.2,0.1,0.02,0.03
52369,98.67,1.2,0.08,0.02,0
52379,98.66,1.21,0.01,0.02,0.08
52393,98.65,1.2,0.11,0.01,0
52394,98.66,1.2,0.1,0.02,0
52414,98.65,1.2,0.07,0.02,0.04
52416,98.62,1.2,0.06,0.02,0.08
52424,98.73,1.2,0.03,0.01,0
52432,98.61,1.2,0.14,0.01,0.02
52444,98.6,1.2,0.09,0.02,0.07
52447,98.57,1.2,0.12,0.01,0.07
52449,98.58,1.21,0.09,0.02,0.07
52457,98.73,1.21,0.01,0.02,0.02
52462,98.67,1.2,0.07,0.03,0
52463,98.67,1.2,0.08,0.03,0
52472,98.6,1.2,0.1,0.02,0.06
52482,98.65,1.2,0.1,0.02,0
52483,98.68,1.21,0.02,0.01,0.06
52487,98.64,1.21,0.06,0.02,0.06
52495,98.73,1.2,0.03,0.02,0
52508,98.58,1.2,0.11,0.02,0.06
52518,98.63,1.2,0.13,0.02,0
52519,98.66,1.2,0.1,0.01,0
52520,98.64,1.2,0.13,0.01,0
52521,98.64,1.2,0.12,0.02,0
52522,98.63,1.2,0.13,0.02,0
52538,98.6,1.2,0.1,0.01,0.06
52539,98.66,1.2,0.1,0.02,0
52540,98.67,1.2,0.09,0.02,0
52558,98.6,1.2,0.17,0.02,0
52571,98.62,1.2,0.15,0.01,0
52573,98.57,1.2,0.11,0.02,0.07
52575,98.62,1.2,0.14,0.02,0
52576,98.65,1.2,0.1,0.02,0
52577,98.68,1.2,0.08,0.01,0
52578,98.62,1.2,0.08,0.02,0.06
52579,98.69,1.2,0.07,0.02,0
52580,98.71,1.2,0.06,0.02,0
52584,98.51,1.2,0.21,0.01,0.04
52585,98.51,1.2,0.19,0.01,0.06
52592,98.69,1.21,0.06,0.02,0
52593,98.64,1.2,0.12,0.01,0
52594,98.66,1.2,0.1,0.02,0
52595,98.68,1.2,0.08,0.02,0
52596,98.69,1.2,0.07,0.01,0
52609,98.62,1.2,0.1,0.01,0.04
52611,98.64,1.21,0.11,0.01,0
52612,98.64,1.2,0.06,0.01,0.06
52614,98.68,1.21,0.09,0.01,0
52615,98.63,1.21,0.1,0.02,0.02
52617,98.71,1.2,0.06,0.01,0
52622,98.51,1.2,0.17,0.01,0.08
52623,98.6,1.2,0.17,0.01,0
52624,98.65,1.2,0.11,0.01,0
52625,98.69,1.2,0.07,0.02,0
52626,98.73,1.2,0.04,0.01,0
52638,98.62,1.2,0.14,0.01,0
52649,98.59,1.2,0.18,0.01,0
52651,98.52,1.2,0.24,0.02,0
52653,98.71,1.21,0.05,0.02,0
52660,98.68,1.21,0.09,0.01,0
52661,98.66,1.2,0.1,0.02,0
52682,98.6,1.2,0.07,0.02,0.08
52683,98.64,1.2,0.05,0.02,0.06
52690,98.69,1.2,0.06,0.02,0
52692,98.68,1.2,0.06,0.03,0
52704,98.56,1.2,0.13,0.02,0.06
52716,98.5,1.2,0.2,0.01,0.06
52718,98.57,1.2,0.1,0.02,0.09
52720,98.54,1.2,0.13,0.02,0.09
52721,98.62,1.2,0.14,0.02,0
52727,98.59,1.2,0.08,0.02,0.09
52745,98.57,1.2,0.12,0.02,0.07
52746,98.58,1.21,0.11,0.02,0.06
52755,98.67,1.2,0.08,0.02,0
52811,98.42,1.2,0.26,0.02,0.07
52815,98.66,1.2,0.1,0.02,0
52846,98.57,1.2,0.14,0.01,0.05
52887,98.6,1.2,0.17,0.01,0
52888,98.66,1.2,0.1,0.01,0
52893,89.61,10.33,0.04,0,0
53018,97.09,1.2,1.67,0.01,0
53019,97.14,1.2,1.63,0.01,0
53021,97.14,1.2,1.62,0.02,0
53022,97.15,1.2,1.61,0.01,0
53023,97.15,1.2,1.61,0.02,0
53024,97.16,1.2,1.6,0.02,0
53046,98.65,1.2,0.11,0.01,0
53049,98.63,1.2,0.12,0.02,0.01
53051,98.67,1.21,0.05,0.02,0.03
53063,98.61,1.2,0.11,0.01,0.04
53072,98.4,1.47,0.03,0.01,0.07
53075,98.44,1.47,0.02,0.01,0.03
53208,98.55,1.2,0.15,0.01,0.05
53222,98.74,1.21,0.01,0,0.01
53284,98.7,1.2,0.03,0.02,0.02
53287,98.51,1.2,0.12,0.02,0.13
53288,98.57,1.2,0.13,0.02,0.05
53293,98.71,1.2,0.04,0.03,0
53295,98.72,1.2,0.02,0.01,0.03
53312,98.72,1.2,0.04,0.02,0
53370,98.7,1.2,0.05,0.03,0
53376,98.72,1.2,0.04,0.02,0
53407,98.69,1.2,0.06,0.03,0
53452,98.71,1.2,0.05,0.02,0
53468,98.68,1.2,0.07,0.02,0
53535,98.42,1.47,0.03,0.01,0.05
53545,98.55,1.2,0.14,0.02,0.07
53602,98.67,1.2,0.04,0.02,0.05
53635,98.58,1.2,0.1,0.02,0.07
53688,98.15,1.47,0.3,0.01,0.05
53691,98.14,1.46,0.31,0.02,0.04
53715,98.69,1.21,0.03,0.02,0.03
53721,98.68,1.2,0.02,0.02,0.06
53741,98.63,1.2,0.05,0.02,0.08
53742,98.63,1.2,0.05,0.02,0.08
53743,98.71,1.2,0.05,0.02,0
53744,98.71,1.2,0.04,0.03,0
53753,98.64,1.2,0.13,0.01,0
53754,98.64,1.2,0.12,0.02,0
53755,98.64,1.2,0.12,0.02,0
53756,98.66,1.2,0.1,0.02,0
53758,98.68,1.2,0.08,0.02,0
53759,98.69,1.2,0.07,0.02,0
53761,98.71,1.2,0.04,0.02,0
53768,98.64,1.2,0.12,0.01,0
53769,98.64,1.2,0.13,0.02,0
53771,98.65,1.2,0.11,0.02,0
53772,98.65,1.2,0.11,0.02,0
53773,98.68,1.2,0.08,0.02,0
53774,98.7,1.2,0.06,0.02,0
53775,98.72,1.2,0.04,0.02,0
53780,98.61,1.2,0.15,0.01,0
53781,98.64,1.2,0.13,0.02,0
53782,98.63,1.2,0.13,0.02,0
53783,98.65,1.2,0.11,0.02,0
53786,98.67,1.2,0.1,0.01,0
53787,98.68,1.2,0.08,0.01,0
53789,98.66,1.2,0.06,0.01,0.04
53790,98.69,1.2,0.06,0.02,0.01
53793,98.71,1.2,0.06,0.01,0
53794,98.7,1.2,0.05,0.03,0
53812,98.64,1.2,0.13,0.01,0
53813,98.67,1.2,0.1,0.01,0
53814,98.66,1.2,0.07,0.02,0.02
53815,98.6,1.2,0.09,0.02,0.07
53817,98.66,1.2,0.07,0.02,0.02
53818,98.66,1.2,0.1,0.02,0
53820,98.71,1.2,0.06,0.02,0
53821,98.68,1.2,0.06,0.02,0.02
53822,98.67,1.2,0.04,0.02,0.04
53823,98.71,1.2,0.05,0.02,0
53828,98.63,1.2,0.13,0.02,0
53829,98.64,1.2,0.12,0.02,0
53830,98.65,1.2,0.11,0.02,0
53831,98.66,1.2,0.11,0.02,0
53833,98.62,1.2,0.09,0.01,0.04
53834,98.68,1.2,0.08,0.02,0
53836,98.67,1.2,0.09,0.01,0
53852,98.65,1.2,0.11,0.02,0
53853,98.63,1.2,0.13,0.01,0
53854,98.64,1.2,0.13,0.02,0
53855,98.64,1.2,0.12,0.02,0
53856,98.66,1.2,0.1,0.01,0
53858,98.64,1.2,0.08,0,0.05
53859,98.67,1.21,0.04,0.01,0.04
53860,98.66,1.2,0.1,0.02,0
53861,98.68,1.2,0.08,0.02,0
53862,98.68,1.2,0.07,0.02,0
53864,98.69,1.2,0.07,0.02,0
53871,96.57,3.29,0.11,0.01,0
53872,96.54,3.29,0.14,0.01,0
53873,96.51,3.29,0.12,0.01,0.05
53876,96.57,3.28,0.11,0.02,0
53877,96.57,3.29,0.11,0.01,0
53878,96.59,3.29,0.09,0.02,0
53879,96.61,3.29,0.08,0.01,0
53880,96.61,3.29,0.08,0.01,0
